model,MFE,MAE,MAPE,MPE,MSE,SSE,SMSE,RMSE,NMSE,TRAINING_TIME,Score
MLP-MLP-,0.0006320352623818367,0.01243318907610606,216.79552544803363,-108.89882303638576,0.0003523067129576184,100.84645394522579,0.00036311099649379713,0.018769835187279038,1.077450550911433,5.097832202911377,0.2561474701426533
MLP-RFR-,-0.0010697657470620714,0.011727150035018565,171.03236618173733,-73.86020156094519,0.0003243016742125411,0.17090698231000914,0.0003243016742125411,0.018008377889541887,0.9918034618427402,35.262568950653076,0.2625566304833479
MLP-SVR-,-0.005449206323430176,0.0123914821116298,209.81985329414204,-68.5912190874738,0.00035669755278468126,0.18797961031752702,0.00035669755278468126,0.018886438329782596,1.0908789433224566,2.5302584171295166,0.19329846334589443
RFR-MLP-,-0.0005985616002503648,0.0059644087600638175,172.80941765238012,-66.22243330256511,6.68413167446903e-05,23.677466211545454,6.710615189931145e-05,0.0081756539031866,1.0089780276272542,3.0850536823272705,0.10268546084676063
RFR-RFR-,-0.0007397667834247708,0.006138028403669688,442.480066983806,202.57283010192683,6.97514873437407e-05,0.04143238348218198,6.97514873437407e-05,0.00835173558871093,1.0529074164258667,59.50904369354248,0.2256601229459791
RFR-SVR-,-0.012612794713995922,0.013112288534329622,2632.948729680369,1647.8854164117265,0.0002253291438558314,0.13384551145036386,0.0002253291438558314,0.015010967452360672,3.4013715798418183,2.4486124515533447,0.39027631952566183
SVR-MLP-,-0.0014193667691975904,0.022115841088202293,205.10277087720775,-94.17948823209714,0.0008130286930891537,512.2763169361048,0.0014518822255555125,0.028513658009612756,0.7477555324262057,5.683623313903809,0.5231161923721108
SVR-RFR-,-0.000651390792651393,0.022732470046092374,142.5196592968716,-78.42784742220233,0.0008674681022837138,0.515276052756526,0.0008674681022837138,0.02945281144956647,0.7978243304320622,33.59157347679138,0.44770062676425704
SVR-SVR-,0.002055478224228628,0.026095653490328413,102.558839931222,-97.76543326026007,0.0010801253459300775,0.6415944554824661,0.0010801253459300775,0.03286526047257313,0.9934086090666651,2.8610470294952393,0.48388500841704374
