model,MFE,MAE,MAPE,MPE,MSE,SSE,SMSE,RMSE,NMSE,TRAINING_TIME,Score
MLP-MLP-,0.006315665985522302,0.11655389767999151,538.8182034941161,-17.73602115641959,0.031804338837107184,8670.31330858859,0.031218609898817154,0.17833771008148327,1.0857351457768267,2.253575563430786,0.7182544993352715
MLP-RFR-,0.00781610410625962,0.11057590686907975,359.5402376143747,37.94378608374407,0.031282640278206326,16.485951426614733,0.031282640278206326,0.1768689918504833,1.0679254229021946,36.307467460632324,0.601130288543311
MLP-SVR-,-0.013854862192500388,0.10114095331860422,289.18866323964465,-247.04227765100143,0.03010396872942963,15.864791520409415,0.03010396872942963,0.17350495304004906,1.0276879844700217,364.23375058174133,0.4884421898117669
RFR-MLP-,-0.0006959103357602628,0.03841098181400307,205.08578373425297,-82.34189404573732,0.003932576330679046,1418.6843171158266,0.004020803764683384,0.06271025698144639,1.0173571366946852,2.6779353618621826,0.12729738549079367
RFR-RFR-,0.00014269225994527237,0.03834780665046644,216.34265737332973,-110.8389985885761,0.004056321343503628,2.409454878041155,0.004056321343503628,0.06368925610731867,1.049369960182774,53.651206731796265,0.12866440094164638
RFR-SVR-,0.034651321243529896,0.05989932123698596,675.1394150464553,-304.33808612486877,0.005056012411376269,3.0032713723575037,0.005056012411376269,0.07110564261277912,1.3079899479134502,42.63014197349548,0.3499075429309354
SVR-MLP-,0.0009854695852862603,0.1076347723236446,340.36153397136803,-92.77975200782552,0.02648509602207837,9216.398061677668,0.02612091187315826,0.16274242231845504,1.0648195747755111,3.8357648849487305,0.5887583053323711
SVR-RFR-,0.0007756888135601797,0.09541723167456209,385.8572504017135,60.6235229589666,0.02483925191701424,14.754515638706458,0.02483925191701424,0.15760473316818324,0.998649264551216,54.22437644004822,0.49544317759172074
SVR-SVR-,-0.005863304690225893,0.10110625313740382,103.53374322808506,-99.80942183521748,0.024998442164977427,14.849074645996591,0.024998442164977427,0.15810895662478272,1.0050494260610427,558.7856483459473,0.4900033359157014
