model,MFE,MAE,MAPE,MPE,MSE,SSE,SMSE,RMSE,NMSE,TRAINING_TIME,Score
MLP-MLP-,0.0006588251931600031,0.013153351697861684,212.63132568786335,-97.44150808518226,0.0003986530278205557,131.06182844494077,0.0004719054489986309,0.01996629729871204,0.9634435747560817,4.66205358505249,0.3135023720484087
MLP-RFR-,-0.00010304171795759934,0.013400253560396713,183.05937532493306,-74.44263953952075,0.00041209057595196407,0.21717173352668506,0.00041209057595196407,0.02030001418600401,0.9959187311055988,36.5168342590332,0.3398082472551107
MLP-SVR-,-0.0015391725488799368,0.014342679318447049,190.55369835588937,-109.30285227121746,0.0004452836372829602,0.23466447684812003,0.0004452836372829602,0.021101744887164195,1.0761379679709655,2.3793437480926514,0.2916903802234836
RFR-MLP-,-0.00034331956863701337,0.0064311154329702415,513.1463415589363,-83.53408349261431,7.791420664737137e-05,27.465681665049996,7.784262848759762e-05,0.008826902437852781,1.0068296570324806,3.624316453933716,0.18657454474914742
RFR-RFR-,-0.0005111216837791069,0.006541248120667199,1136.1057475756536,-988.4258697291854,7.994274619138269e-05,0.04748599123768132,7.994274619138269e-05,0.008941070751950388,1.0330430250594096,61.11832070350647,0.2538894027333056
RFR-SVR-,-0.002002488472179212,0.006578877625392111,1720.5468208412142,317.3905244147202,8.13956490139492e-05,0.04834901551428582,8.13956490139492e-05,0.009021953724884051,1.0518178507746567,1.3148829936981201,0.27713231225636803
SVR-MLP-,-0.0010696091291196486,0.02085697494700342,506.9718773178123,-98.88471991607844,0.0007998448500873347,557.3113776260165,0.0015795196001145474,0.02828152842558787,0.715611944582305,5.758488893508911,0.5044931810764177
SVR-RFR-,-0.00022717568628170337,0.023084030508967526,294.34500951149545,-31.892394588459165,0.000922039106672262,0.5476912293633236,0.000922039106672262,0.030365096849380574,0.8249377339050481,30.237688064575195,0.45629122970502073
SVR-SVR-,0.005585861510081356,0.02862355383654437,193.61137108294074,-31.27731736308199,0.0012993652804923939,0.771822976612482,0.0012993652804923939,0.03604670970411022,1.1625271013426732,2.792346715927124,0.6579295925237609
