model,MFE,MAE,MAPE,MPE,MSE,SSE,SMSE,RMSE,NMSE,TRAINING_TIME,Score
MLP-MLP-,-0.0005938602066821167,0.012574366370336371,347.0461158810219,-80.14350624383049,0.0003635029038849775,166.39001136480368,0.0005991092444966268,0.019065752119572347,0.8060740998924621,4.952134609222412,0.35998890947049567
MLP-RFR-,0.0002747816947766074,0.013509395178927158,184.27988063824537,-90.22905209478351,0.0003924924225249568,0.20684350667065224,0.0003924924225249568,0.019811421517017824,0.8703588687190442,29.249817609786987,0.3654299353550131
MLP-SVR-,0.0006516908250959084,0.014970189488450058,172.8178480144056,-93.56599959584926,0.0004662416574529393,0.245709353477699,0.0004662416574529393,0.02159262970212149,1.03389909777081,1.5317702293395996,0.3796331850817495
RFR-MLP-,-0.0006942754169528323,0.0060506750013311385,147.04231199366347,-74.34089384535889,6.965233301870639e-05,24.603266579196553,6.973003485811128e-05,0.00834579732672118,1.0094766995874283,4.043079853057861,0.18086378383482585
RFR-RFR-,-0.0005686180615681366,0.006101689499418641,210.27599760023548,-32.05061034867814,7.022196238513052e-05,0.04171184565676753,7.022196238513052e-05,0.00837985455632319,1.0177323824609865,63.95282769203186,0.2793234708736875
RFR-SVR-,0.005354651424784101,0.008004618727594542,1021.4281082542408,-653.6700225781923,9.767074726596832e-05,0.058016423875985185,9.767074726596832e-05,0.009882851170890328,1.4155497644250867,1.3857581615447998,0.33566870173752833
SVR-MLP-,0.0001422773794181413,0.019935810269127958,1578.5323173668787,-432.0851244620874,0.000679782568676062,433.4530632601884,0.001228483100534493,0.026072640232167932,0.7317036878190375,4.314634561538696,0.6235384582357703
SVR-RFR-,-0.0005404475152944501,0.0206935658327342,2188.223706734145,-2019.4415144934028,0.0007257418166443467,0.43109063908674194,0.0007257418166443467,0.026939595703060332,0.7811732576158598,32.36967730522156,0.4876989776930668
SVR-SVR-,-0.003469123134426992,0.023770917743548982,126.19738579201223,-75.10017117091783,0.0009420099858639624,0.5595539316031937,0.0009420099858639624,0.030692181184529103,1.0139597753461678,1.5894443988800049,0.5148311592262669
