model,MFE,MAE,MAPE,MPE,MSE,SSE,SMSE,RMSE,NMSE,TRAINING_TIME,Score
MLP-MLP-,-0.00035437281880692584,0.040386643573258614,135.84947673294826,-104.06559169092846,0.002874908656932632,807.3503327896183,0.00290697166226652,0.05361817468855716,0.9957933688572761,2.9851367473602295,0.543339513145431
MLP-RFR-,-0.00026085909443002836,0.03877239443545476,166.68179569832222,-97.86631407852583,0.0028865627908951385,1.521218590801738,0.0028865627908951385,0.053726741860037806,0.9998300568722688,39.927489280700684,0.5196786082620245
MLP-SVR-,0.009182736720950865,0.043125600731445515,231.11532387238972,-65.37608877535718,0.0029884579632284344,1.574917346621385,0.0029884579632284344,0.05466679031394137,1.0351238867069616,53.562294721603394,0.5965490449801111
RFR-MLP-,-0.0015924290240853748,0.012934147408720457,349.15769286248167,-296.73192245755604,0.0003858145141437211,136.05701147778495,0.0003856097775674391,0.019642161646410538,1.0072889969257366,2.678161859512329,0.1811798380440594
RFR-RFR-,0.0010810454402779414,0.012963833095364733,238.77263122941375,-24.519494682374905,0.00039855580568018054,0.23674214857402723,0.00039855580568018054,0.019963862494021056,1.0405541082701941,62.2047438621521,0.2670160905678426
RFR-SVR-,-0.01583621147590682,0.019837511841886403,2256.3627394727796,-1630.795154281006,0.0006335796126049322,0.3763462898873297,0.0006335796126049322,0.02517100738160736,1.6541569823256614,3.067112684249878,0.26853909048479213
SVR-MLP-,-0.007313428538158197,0.04195954784861254,284.96469248850553,-107.82921646689891,0.0033021578804449934,1233.3671850168535,0.0034955820409959685,0.057464405334476346,1.0046024139338887,2.4836997985839844,0.6057854375162406
SVR-RFR-,-0.0015459717150971386,0.036245368873107545,163.25990978416962,-52.897253269232955,0.003046333627115948,1.8095221745068732,0.003046333627115948,0.05519360132402984,0.9267740145229676,37.1513934135437,0.5100532939344972
SVR-SVR-,-0.02228106759985719,0.04698553982587489,448.99406735453874,-134.39509679543985,0.003890908868077004,2.3111998676377405,0.003890908868077004,0.06237715020804497,1.1837157951818424,86.9590015411377,0.6434193681873943
