model,MFE,MAE,MAPE,MPE,MSE,SSE,SMSE,RMSE,NMSE,TRAINING_TIME,Score
MLP-MLP-,0.0005836238767864204,0.16973789342793208,141.85211233369122,-100.17192232998806,0.05201182544974866,14256.184261504231,0.051331277113676396,0.2280610125596847,1.0529046736659762,2.2153778076171875,0.650067339233715
MLP-RFR-,-0.0013420833188296723,0.16261205064148498,131.48933880860838,-95.81303609746476,0.05023046954500576,26.471457450218036,0.05023046954500576,0.22412155082679078,1.0168436828942065,33.1508252620697,0.5072348831458097
MLP-SVR-,-0.02084797923846948,0.15626288965081073,105.51847606375662,-92.60951997805242,0.05011076794986395,26.408374709578304,0.05011076794986395,0.2238543453897287,1.0144204960923542,770.127313375473,0.5199717223552888
RFR-MLP-,0.0014988093221842255,0.04600572672609922,116.06124543982075,-99.68821536406786,0.004630526198679602,1638.2651709805825,0.004643134971999973,0.06804796983510678,1.0063356148558722,3.2825686931610107,0.12276550618573859
RFR-RFR-,0.0018523114950033434,0.04625988160943707,166.81406873347674,-103.53285853909281,0.004786953865274509,2.8434505959730587,0.004786953865274509,0.06918781587298814,1.0403314773753722,37.412044286727905,0.15299805852446496
RFR-SVR-,0.02370257064780193,0.0578466949322197,269.81561169668913,-191.07385953412617,0.005177159337325282,3.0752326463712176,0.005177159337325282,0.071952479716305,1.1251334300666913,77.61875629425049,0.263041317015755
SVR-MLP-,-0.003019283083457344,0.12090489569515608,500.84684564409514,4.9662956866256085,0.029680065305677374,10584.68405435419,0.029998877819593775,0.17227903327357447,1.0587355281198607,2.5999221801757812,0.5977203851514795
SVR-RFR-,-0.004447345524198246,0.11075456593528352,176.42625202482756,-54.300788459189164,0.027775385243747827,16.49857883478621,0.027775385243747827,0.16665948891001625,0.9907925357275694,45.20861768722534,0.34114409689744085
SVR-SVR-,-0.012830720036751888,0.11440024092478404,104.79199672052818,-104.79199672052818,0.028236753056174922,16.772631315367903,0.028236753056174922,0.16803795123773357,1.0072502655039952,1069.4397242069244,0.3924778846440571
