model,MFE,MAE,MAPE,MPE,MSE,SSE,SMSE,RMSE,NMSE,TRAINING_TIME,Score
MLP-MLP-,0.0011032886686921863,0.01246587683832839,432.50950137656554,-104.94631227655398,0.0003113729638558036,145.9921659061479,0.0005256641038787735,0.017645763340127952,0.8947812832652519,4.328916788101196,0.41364860848003293
MLP-RFR-,-0.00027698453662986243,0.011949019251092333,245.87908607531722,1.5939018929101185,0.0002907153493051271,0.15320698908380198,0.0002907153493051271,0.017050376808303302,0.8354182395765481,27.30850076675415,0.40571487184108646
MLP-SVR-,-0.0013529964468326993,0.01246869440414041,169.3534945752836,-56.07078079131899,0.0003131691095557325,0.16504012073587104,0.0003131691095557325,0.017696584686196726,0.899942802539154,2.052604913711548,0.3035577957993619
RFR-MLP-,-0.0007420761284259449,0.005968236464580825,120.11265405125435,-96.24601487890013,6.754850387863184e-05,23.902494110074777,6.774392100033663e-05,0.008218789684535786,1.0069840761069448,3.4705350399017334,0.17593748259872244
RFR-RFR-,-0.000505643992673875,0.006052967874450275,166.41735639470298,-56.32836262084696,6.805584103523792e-05,0.04042516957493133,6.805584103523792e-05,0.008249596416506563,1.0145472404789884,57.203428506851196,0.3179920232553807
RFR-SVR-,0.0031495039388679596,0.006700710899389571,294.3841137073687,-122.62275538571672,7.699938703072492e-05,0.0457376358962506,7.699938703072492e-05,0.008774929460156641,1.1478737819160427,1.568481683731079,0.26357935885017814
SVR-MLP-,-0.002169819490929054,0.01920252321855686,243.34276282059778,-73.20621566330333,0.0006230438303940665,492.51424812260234,0.0013958730065033113,0.024960845947084136,0.628673754804605,3.663139581680298,0.5316763528779351
SVR-RFR-,-0.00043865680126077485,0.019569964308082086,142.07742339665378,-18.010100560538024,0.0006500847481191247,0.3861503403827601,0.0006500847481191247,0.025496759561150602,0.6559590186179429,28.488404512405396,0.4557582170656086
SVR-SVR-,-0.011391577566608484,0.02604837670940829,257.6296745530898,-57.10055572192354,0.0011208127993692688,0.6657628028253456,0.0011208127993692688,0.03347854237223104,1.1309406443634515,1.3734197616577148,0.5729235338918137
