model,MFE,MAE,MAPE,MPE,MSE,SSE,SMSE,RMSE,NMSE,TRAINING_TIME,Score
MLP-MLP-,-0.00034027814663198776,0.013589186307251288,2162.481447200346,-18.026761490742434,0.0003940729862312864,133.37364418021747,0.00048022944733973577,0.019851271652750267,1.0244723711600028,4.2180702686309814,0.4130153052694154
MLP-RFR-,0.00013925693361914373,0.012911545105246247,835.8182475292817,334.20797568315453,0.00036488866397039874,0.19229632591240015,0.00036488866397039874,0.01910205915524289,0.9486018271949277,34.044740438461304,0.3806067635768257
MLP-SVR-,-0.004121138775427584,0.013932420077052386,1269.8560441132188,689.8692770193737,0.00040118744790770507,0.21142578504736056,0.00040118744790770507,0.020029664198575697,1.0429678521440502,1.3280537128448486,0.35478740414691406
RFR-MLP-,-0.0006059803910772773,0.006609914077995948,120.37080554165662,-118.55332691984009,7.921175176567269e-05,27.93964834674868,7.918593439090308e-05,0.008900098413257725,1.005040151562112,2.840970993041992,0.16145191060688316
RFR-RFR-,-0.0005443908581244779,0.006719419217186644,199.5213022021029,-54.74977019024703,8.281044211155065e-05,0.04918940261426109,8.281044211155065e-05,0.00910002429181102,1.0507004003260294,59.827353954315186,0.26491705153092504
RFR-SVR-,-0.014757264037890874,0.015171417086437213,1860.365399682733,-1174.4894263846086,0.0002965913565504866,0.17617526579098902,0.0002965913565504866,0.01722182790967575,3.763156543000384,1.1534638404846191,0.28740534345409585
SVR-MLP-,-0.0037267293583274114,0.024612885506028737,380.45639291601793,-126.4295675201382,0.0009891919631646075,599.914946381864,0.0017002656939254044,0.03145142227570333,0.7776315859930653,3.216663360595703,0.5851688942581332
SVR-RFR-,-0.0006076356361005328,0.02541602669367417,200.83870067880153,-108.39599304686985,0.0010469984916152799,0.6219171040194762,0.0010469984916152799,0.03235735606651569,0.8230749216384937,31.578038692474365,0.5186453926073611
SVR-SVR-,0.0010240192715942657,0.02802418261956117,155.8949005521627,-102.44945078274455,0.0012889918946282087,0.765661185409156,0.0012889918946282087,0.03590253326198875,1.0133127326926545,1.6808810234069824,0.5427834864357199
