model,MFE,MAE,MAPE,MPE,MSE,SSE,SMSE,RMSE,NMSE,TRAINING_TIME,Score
MLP-MLP-,0.0015691776635041248,0.012335409424326706,508.11054621380845,-177.51810559570737,0.0003645620720006512,112.34877437408271,0.0004045266226216301,0.01909350863515271,1.0612724753331204,4.466960906982422,0.27939673177998053
MLP-RFR-,2.1787872236700716e-05,0.012112243439072594,243.28058611917876,-161.07326734687763,0.00035186207827384854,0.1854313152503182,0.00035186207827384854,0.01875798705282229,1.0243016689483715,34.37124300003052,0.28027914621661076
MLP-SVR-,-0.00986898645763977,0.014905874609583605,842.0417524238151,400.20365601407013,0.00043844736181264084,0.2310617596752617,0.00043844736181264084,0.020939134695890392,1.2763590968765024,1.447160243988037,0.3475653468641417
RFR-MLP-,-0.0007581496197204942,0.005602060819675403,144.49058675156354,-94.44201713990857,6.211716554061213e-05,22.193458895884373,6.29002111345905e-05,0.007881444381622707,1.0044481462087484,5.233119010925293,0.11883608898544822
RFR-RFR-,-0.0004791659294926092,0.00563451339275205,162.09640939129258,-93.33597761150068,6.264828919450007e-05,0.03721308378153304,6.264828919450007e-05,0.007915067226151656,1.0130365318009174,63.328171253204346,0.21146634505196973
RFR-SVR-,-0.018067435229788258,0.018242255246852888,1960.76554525394,92.25997719273722,0.0003882742986965512,0.23063493342575142,0.0003882742986965512,0.01970467707668794,6.278480290464482,1.2136824131011963,0.4059740646764742
SVR-MLP-,0.0005433696686554764,0.020211274282367204,349.5892950138338,-48.082970109939225,0.0007028328848818613,561.2148035537634,0.0015905826036848945,0.02651099554678891,0.6526557568164555,5.541209936141968,0.5388940519905472
SVR-RFR-,-0.0005716416517039415,0.020771966102015635,222.41634834480345,0.3194485494275425,0.0007510680835974776,0.4461344416569017,0.0007510680835974776,0.027405621386815474,0.6974473150945294,30.65526556968689,0.4317425085357751
SVR-SVR-,0.0016543582078186129,0.02642219519935887,154.7320024745814,-72.04890191412143,0.0011168550252053137,0.6634118849719564,0.0011168550252053137,0.03341938098177932,1.0371197441226152,1.8671393394470215,0.495812998126216
