model,MFE,MAE,MAPE,MPE,MSE,SSE,SMSE,RMSE,NMSE,TRAINING_TIME,Score
MLP-MLP-,0.0016634538271743638,0.014224111237678421,124.07731379527817,-96.12612708104949,0.00041502478338142684,116.38226866796319,0.00041904975234117857,0.020372157062555424,1.014594632186491,1.971541404724121,0.3262136368910437
MLP-RFR-,0.00030317688624394715,0.013501205754502959,149.56020524674574,-81.3378662707943,0.0004028378768110783,0.21229556107943826,0.0004028378768110783,0.020070821528056053,0.9848017849051995,34.93976426124573,0.35717501277384944
MLP-SVR-,0.006014736651490064,0.015499123516930847,202.03507314904067,-82.37459646483116,0.00044456347662331165,0.23428495218048523,0.00044456347662331165,0.021084673974792963,1.0868067043447844,1.928215503692627,0.35026943487395973
RFR-MLP-,-0.0007586698451450687,0.0069171016312304,126.53131450222412,-115.83106519960613,8.86341976411263e-05,31.22430514474397,8.84952361571494e-05,0.009414573683450903,1.0102380545475649,2.7507078647613525,0.17735495279282806
RFR-RFR-,-0.0007002953452372693,0.007052339107448486,181.37968289814162,-141.12085915534547,9.058906243301278e-05,0.05380990308520959,9.058906243301278e-05,0.009517828661675559,1.0325192829765182,56.083006381988525,0.2731233491960987
RFR-SVR-,-0.014944729003598741,0.015410965857716341,1432.080602107076,-774.7477769666784,0.00031108087716796146,0.1847820410377691,0.00031108087716796146,0.017637485001211525,3.545648841201807,1.7328979969024658,0.30167595774692335
SVR-MLP-,-0.0017441875557412093,0.025039878284043558,296.45892359757045,-95.69583650111146,0.0010606258371347126,588.712593451304,0.0016685162326160142,0.03256725099136727,0.8108551665114918,3.983306407928467,0.6257862261036407
SVR-RFR-,-0.0011131636575170813,0.025281521286546847,191.77514729214317,-96.05859914526977,0.0011006038258549187,0.6537586725578217,0.0011006038258549187,0.0331753496719314,0.8414185919585752,31.166563510894775,0.5426124549444835
SVR-SVR-,0.003228720171577021,0.028527861440101183,125.0908204616951,-116.78990298026098,0.001331709906310742,0.7910356843485808,0.001331709906310742,0.03649260070631774,1.0181006534252937,1.7932064533233643,0.5681701044552442
