model,MFE,MAE,MAPE,MPE,MSE,SSE,SMSE,RMSE,NMSE,TRAINING_TIME,Score
MLP-MLP-,0.004455351061623145,0.025956902448695626,330.5770186255737,-117.84105643311271,0.0014772009278553346,426.489921085726,0.001535633373128935,0.03843437169845937,1.0236779658546242,4.692981719970703,0.5331725105317202
MLP-RFR-,-0.00018771730790721454,0.02302029892200383,322.4379242074748,-50.09940467453852,0.0014869262097236783,0.7836101125243784,0.0014869262097236783,0.0385606821739927,1.0304174395258212,46.65158486366272,0.5110393132211162
MLP-SVR-,0.007822335514421404,0.027181817267093594,392.30972527497676,-131.7744667995163,0.0015067302216849796,0.7940468268279842,0.0015067302216849796,0.03881662300722436,1.0441413211576442,21.624149084091187,0.5235789790536515
RFR-MLP-,-0.0008773357176021117,0.008132760313873553,109.30701236843068,-100.58606012058044,0.0001567687606726922,55.202839471673705,0.00015645466866100316,0.012520733232230939,1.0112711912427428,3.9800100326538086,0.10060583433232614
RFR-RFR-,-0.0005844159102883224,0.008223925369834274,134.57395652906663,-88.22417542861115,0.00016116602574597558,0.09573261929310949,0.00016116602574597558,0.012695118185585181,1.0396367117060552,87.18415880203247,0.2042638869787635
RFR-SVR-,-0.01530750367524266,0.016578543702771384,684.1915278065259,-142.4572013752821,0.0003893160192977648,0.23125371546287227,0.0003893160192977648,0.019731092704099406,2.5113681636300207,2.584343194961548,0.2891465305846459
SVR-MLP-,-0.004387750900112942,0.026332605790947303,399.1033181808824,101.77893052844912,0.0013891993757439145,727.3004221030671,0.002061298796333331,0.03727196501049971,0.8315660123545737,5.8999247550964355,0.6311304124095437
SVR-RFR-,-0.002161945421709451,0.02372255376947596,342.8248496350285,159.76020585973467,0.0012424503047664558,0.7380154810312747,0.0012424503047664558,0.035248408542322245,0.7437229410861923,44.232985973358154,0.5197755222186015
SVR-SVR-,-0.007322907745989497,0.030738480539243277,376.02335669738983,128.07343905909,0.0017320811451813714,1.0288562002377346,0.0017320811451813714,0.04161827897909008,1.0368128838250565,32.293708086013794,0.6049742464057608
