model,MFE,MAE,MAPE,MPE,MSE,SSE,SMSE,RMSE,NMSE,TRAINING_TIME,Score
MLP-MLP-,0.0012398767475758118,0.013924273465459403,362.05601032579386,-101.56544906112228,0.0003997852786349641,126.60940628537024,0.00045587391408664647,0.019994631245285922,1.0078838722954155,4.821747303009033,0.29221605436438486
MLP-RFR-,-0.00038644236450011805,0.013653609569441776,365.99280057140857,108.60539594672127,0.0004109832817586175,0.21658818948679143,0.0004109832817586175,0.02027272260350389,1.0361147435990816,32.85754942893982,0.4033340788459169
MLP-SVR-,0.0011781003248087312,0.013790511189419116,186.77155374852245,-92.28401969798713,0.00040145694748018086,0.21156781132205532,0.00040145694748018086,0.020036390580146436,1.0120982547625876,1.2813355922698975,0.24735068438859314
RFR-MLP-,-0.0006423389373420362,0.007045072466091988,110.61497377756389,-100.39227099500161,9.328179089427584e-05,32.85851536791819,9.312687868561651e-05,0.009658249887752742,1.006569907471392,2.2786335945129395,0.11368383187032452
RFR-RFR-,-0.0005391929512499078,0.007081911843987025,176.78462155912572,-69.44219721490674,9.293222373957163e-05,0.05520174090130554,9.293222373957163e-05,0.009640136085116829,1.0027978553356816,54.62736177444458,0.22612879591174834
RFR-SVR-,-0.014115040756392205,0.014721227992222549,1159.5583217683861,-121.04835952557407,0.0002919073138193873,0.17339294440871605,0.0002919073138193873,0.017085295251162248,3.1498657459784427,1.034684419631958,0.29513923363359834
SVR-MLP-,-0.0017806876921109306,0.02425855643576831,283.34968373567443,-95.74157734819877,0.000998611411794906,586.3262129684937,0.0016617528057468447,0.0316008134672971,0.7966860209159812,4.2583301067352295,0.5580772479222071
SVR-RFR-,0.0008809494713649244,0.02536871133868829,158.91625276791675,-86.27659577101878,0.0010988766016601186,0.6527327013861104,0.0010988766016601186,0.03314930771011845,0.8766769705552662,31.415568113327026,0.5057895718828903
SVR-SVR-,-7.854077955007346e-05,0.0278889004340839,120.60684627709801,-103.93241705244618,0.0012677883989346032,0.7530663089671543,0.0012677883989346032,0.035606016330595076,1.0114337598998824,1.7414450645446777,0.4852707232995089
