model,MFE,MAE,MAPE,MPE,MSE,SSE,SMSE,RMSE,NMSE,TRAINING_TIME,Score
MLP-MLP-,0.004686328202972716,0.05433640711254825,116.90559737665357,-107.6633587341554,0.004476273044017172,1235.7214081215184,0.004449378380081009,0.0669049553024077,1.0218657845686994,11.2503981590271,0.6539081867938498
MLP-RFR-,0.00231275188711024,0.052696925993397765,114.61003290846483,-92.89214220316852,0.004435202769226202,2.3373518593822085,0.004435202769226202,0.06659731803328271,1.0124900587899022,49.49478816986084,0.559581594414776
MLP-SVR-,0.0006352807227862599,0.053768588993156875,110.33273172951851,-102.46681650666132,0.004406410207949135,2.3221781795891943,0.004406410207949135,0.06638079698187672,1.0059171502720767,109.36807751655579,0.585000818697392
RFR-MLP-,-0.0016928942135291483,0.01383765068429014,317.3733911706406,-62.86758616900916,0.00038175505478262197,136.8259261531816,0.0003877890185615459,0.01953855303707575,1.0010617981816214,2.6094610691070557,0.139914981219675
RFR-RFR-,-0.00042275779487852845,0.01402912766798015,466.6608713489037,152.83888368446154,0.00039499499853898345,0.23462702913215616,0.00039499499853898345,0.019874481088546274,1.0357804004333029,66.9198088645935,0.26974033046482476
RFR-SVR-,-0.009647282711401655,0.015784455345402622,1255.6867254264,212.8635771860366,0.0004745479390710505,0.281881475808204,0.0004745479390710505,0.021784121260015298,1.244389058529562,3.7638323307037354,0.3148027804860162
SVR-MLP-,-0.000430086802185738,0.04589929375506479,134.60002549881332,-93.98428076081659,0.003453176928192134,1231.4773850074578,0.0034902260115392356,0.05876373820811721,0.9992895845840317,2.5323328971862793,0.5250010452338643
SVR-RFR-,-0.003968030294119206,0.03899937906541658,149.23076395084468,-124.17199054388237,0.002964501237373781,1.7609137350000257,0.002964501237373781,0.054447233514420004,0.8578753048558728,43.19150471687317,0.3335097264500572
SVR-SVR-,-0.0036172184132381366,0.046296668229074016,145.4158286564807,-92.4909465332518,0.0035098845848990376,2.0848714434300284,0.0035098845848990376,0.05924427892125144,1.0156997981038594,147.63950419425964,0.5127567379701796
