model,MFE,MAE,MAPE,MPE,MSE,SSE,SMSE,RMSE,NMSE,TRAINING_TIME,Score
MLP-MLP-,0.001082117794095604,0.011848738644855012,235.13553324349684,-68.12049930226408,0.0003213108129185185,88.51945070365201,0.00031872599081713473,0.01792514471122949,1.0201037930259638,2.4984633922576904,0.4007972419635408
MLP-RFR-,8.810390082764622e-05,0.011706937330571751,183.2459088535493,-75.51033620078272,0.00031363023218122587,0.16528313235950604,0.00031363023218122587,0.017709608470579632,0.9957193365192316,34.24516940116882,0.4043001346242652
MLP-SVR-,-0.0033543532460175206,0.011847956040572446,131.30510043561594,-109.28667152595382,0.0003261919733452304,0.17190316995293642,0.0003261919733452304,0.018060785512962342,1.0356005957025662,1.3043992519378662,0.2893638834335509
RFR-MLP-,-0.00015510184356367322,0.006186805044498262,146.59053793026183,-105.41173913645218,6.974571959523746e-05,24.639448580409514,6.983258108699088e-05,0.008351390279183309,1.00515950961555,4.235735177993774,0.21487135627293674
RFR-RFR-,-0.0004813329563500282,0.0062301117545736666,232.2862342330073,-86.59251800003427,7.20097031749206e-05,0.04277376368590284,7.20097031749206e-05,0.00848585312004165,1.0377875280507822,53.340757846832275,0.3510516002246919
RFR-SVR-,0.0021630382553950345,0.006524221068850023,374.03169540631893,-260.5150895033118,7.406644751699825e-05,0.04399546982509696,7.406644751699825e-05,0.008606186583905688,1.06742886154458,1.2533023357391357,0.2531479872749812
SVR-MLP-,-0.0011084585689400586,0.019552306920320468,234.7582660038466,-87.23315852014511,0.0006634191147490239,515.0296991034414,0.0014596858004949649,0.025756923627425383,0.6694914620390587,4.169322490692139,0.5580317627116445
SVR-RFR-,-0.0006918747381599059,0.019969019285672414,145.823225749968,-51.42533215750081,0.0006665017357764495,0.395902031051211,0.0006665017357764495,0.025816694904198127,0.6726022986319179,28.87518835067749,0.44034530402485306
SVR-SVR-,0.007759564339604938,0.026028745808264947,99.83730331252858,-99.83730331252858,0.0010513289220006347,0.624489379668377,0.0010513289220006347,0.03242420271958332,1.0609518499333954,2.353628635406494,0.6480627965480026
