model,MFE,MAE,MAPE,MPE,MSE,SSE,SMSE,RMSE,NMSE,TRAINING_TIME,Score
MLP-MLP-,0.0028221138495497264,0.05597945951865343,133.38353711042973,-101.03318711150322,0.004756806838714918,1346.0528451224188,0.00484664131265521,0.06896960808004435,1.0035030246192824,2.497267246246338,0.5866521221316432
MLP-RFR-,0.004123291698980282,0.055514803175351235,147.17760309721982,-90.83890537597064,0.004769469966701678,2.513510672451784,0.004769469966701678,0.06906134929685112,1.0061744568776685,46.180062770843506,0.5236988952869919
MLP-SVR-,0.015132472933078605,0.0588584836949638,179.24358906063225,-104.62152835597618,0.004982771739886927,2.625920706920411,0.004982771739886927,0.07058875080270884,1.0511729152565,95.62473750114441,0.6478644677041849
RFR-MLP-,-0.0015907424725602832,0.013824955945445121,140.0329828433641,-77.8333964122964,0.00038699487122336254,136.52871167074667,0.0003869466598384141,0.019672185217289983,1.007545656274414,2.202190399169922,0.09833282205036525
RFR-RFR-,-0.00039281995521302736,0.013969818588330895,186.2627234528134,-148.62635757482826,0.0004044898938062425,0.24026699692090805,0.0004044898938062425,0.02011193411400909,1.0530941514110064,61.689037561416626,0.15132867675983536
RFR-SVR-,-0.00634233294760444,0.014702852804633891,357.24091665689406,36.07318873817641,0.0004279984146990052,0.25423105833120907,0.0004279984146990052,0.020688122551333777,1.1142988594632444,5.835903167724609,0.15320849154787958
SVR-MLP-,0.0024156919513063408,0.04615376946241116,654.4827864919685,271.36931981878473,0.0034641952866848224,1230.9645644791237,0.003488772586921753,0.058857414882789595,1.01812869598467,4.037612438201904,0.5823154789003089
SVR-RFR-,-0.003938372539372618,0.03891387711984089,1024.5114789361671,778.8772828974635,0.0029327015428700807,1.742024716464828,0.0029327015428700807,0.05415442311455345,0.8619224236668168,42.07553052902222,0.47233298454093753
SVR-SVR-,-0.0019757577818952845,0.04594127721414272,748.5341666280589,494.6424693049691,0.003449673978083531,2.0491063429816174,0.003449673978083531,0.05873392527392947,1.0138608762554966,150.94268584251404,0.6003727052112171
