model,MFE,MAE,MAPE,MPE,MSE,SSE,SMSE,RMSE,NMSE,TRAINING_TIME,Score
MLP-MLP-,0.0014643396575522085,0.04072162477862945,130.30910198659475,-98.89114174202402,0.0029565740038279865,808.688758046321,0.002911790839438161,0.05437438738807074,1.0313658531869327,3.1225826740264893,0.5183838705553596
MLP-RFR-,-0.0008822585131639968,0.03811990725059208,134.4476960715354,-76.07669970540526,0.0029164806039367846,1.5369852782746856,0.0029164806039367846,0.05400444985310733,1.0173797450995261,46.384416341781616,0.4918905916015781
MLP-SVR-,0.004552374993512243,0.04120104088374973,123.63095661142395,-102.33059245801755,0.002909886438743919,1.5335101532180455,0.002909886438743919,0.053943363250208265,1.0150794486072383,50.93950796127319,0.5282274992898282
RFR-MLP-,-0.0013910991571092451,0.013110472978990161,338.5708199102436,-23.63049137116956,0.00039393549918965623,139.33412001857505,0.00039489768622979246,0.019847808422837426,1.011413289002446,3.2084879875183105,0.12448752745528698
RFR-RFR-,0.0009200227265048289,0.013135210117626738,569.3057962655898,-246.25190608263563,0.00041137023522008407,0.24435391972072995,0.00041137023522008407,0.020282264055575355,1.0561762609805945,69.59983253479004,0.2024875938661209
RFR-SVR-,-0.01799627409977497,0.02180563321078446,2741.863669310824,751.8031040301653,0.0007132000274546668,0.42364081630807204,0.0007132000274546668,0.026705805126501368,1.8311119129105895,3.2093863487243652,0.3673728470323693
SVR-MLP-,-0.002060555994257231,0.04091813602773424,305.6516920018876,-130.51323175223826,0.003296490669365979,1318.7646908037896,0.0037376137661797254,0.0574150735379306,0.9795377231428534,3.5494229793548584,0.5845089141471358
SVR-RFR-,-0.0019830488792627315,0.03671237874791347,162.08264586123497,-83.12903402112983,0.003108359275066169,1.8463654093893043,0.003108359275066169,0.055752661596251786,0.9236353056609409,38.31067228317261,0.47880311498398126
SVR-SVR-,0.0032895048512408325,0.04299919382286534,168.79379697693605,-114.06759366217089,0.003375779493494659,2.0052130191358275,0.003375779493494659,0.05810145861761699,1.0030980489703853,81.63299322128296,0.6074339205953054
