model,MFE,MAE,MAPE,MPE,MSE,SSE,SMSE,RMSE,NMSE,TRAINING_TIME,Score
MLP-MLP-,-0.0004985908301333975,0.011630555837798205,350.62687664826575,-149.26070507946284,0.00028554384762577987,101.50396434248269,0.000365478449648696,0.016898042715823035,0.9913161939727807,5.02964186668396,0.3898416638379112
MLP-RFR-,0.0004472402445424583,0.011333342642811418,181.53571459236605,-111.49360261075552,0.00028104255540113015,0.1481094266963956,0.00028104255540113015,0.016764323887384486,0.9756891583591577,28.56040859222412,0.3723743204444575
MLP-SVR-,0.006557362311111817,0.014000412928101244,460.40164554355954,-286.34801253934216,0.0003254329322010912,0.17150315526997506,0.0003254329322010912,0.018039759760071397,1.1297982373823756,1.509953260421753,0.4165686159819746
RFR-MLP-,-0.0004973331058470978,0.006049300201862418,134.37950850214182,-93.32899547633991,6.84151742317484e-05,24.30536459776966,6.888572764051758e-05,0.008271346579109618,1.0072680720659206,3.2386703491210938,0.23343357960881744
RFR-RFR-,-0.0004288405643746142,0.00624097506099994,163.6934441362299,-109.05078835653583,7.143030660614717e-05,0.04242960212405142,7.143030660614717e-05,0.008451645201151499,1.051659489728566,58.25255012512207,0.33836747796934985
RFR-SVR-,0.0031563538474343356,0.006713349735858533,394.2579457141282,-210.75344245229414,7.788408537058896e-05,0.04626314671012984,7.788408537058896e-05,0.008825196052813159,1.1466776690520442,1.3403434753417969,0.3039734134448252
SVR-MLP-,0.00035770315197781186,0.019345704342024293,238.42863737045866,-108.72412514506429,0.0006341825010792031,540.7555282229865,0.0015325973773169022,0.025182980385157018,0.637977589988811,3.8604531288146973,0.5724032996152217
SVR-RFR-,6.800648604448206e-05,0.019565555974352142,159.94831143040318,-75.37806644728747,0.0006456713415138466,0.3835287768592249,0.0006456713415138466,0.02541006378413574,0.6495351821957654,28.904170274734497,0.4513658447504209
SVR-SVR-,-0.011778267036020742,0.02622478487090824,243.10535995037088,-117.02971150054424,0.0011327789502051325,0.6728706964218487,0.0011327789502051325,0.033656781637660074,1.1395577509819517,1.5893480777740479,0.5854454020710189
