model,MFE,MAE,MAPE,MPE,MSE,SSE,SMSE,RMSE,NMSE,TRAINING_TIME,Score
MLP-MLP-,-0.001830934760091749,0.012425111894773532,267.76308198970946,-103.95509110201742,0.0003131972278778463,112.56709541473525,0.0004053127164060478,0.017697379124544017,1.0069308498710574,3.4552955627441406,0.2582103527990133
MLP-RFR-,-0.0002122834482582189,0.012291240935538296,193.8272818573954,-52.87652057045014,0.0003040772738225577,0.16024872330448792,0.0003040772738225577,0.01743781161219944,0.9776101462687306,29.37400531768799,0.2819898413988279
MLP-SVR-,0.002308855757072307,0.012673167435291607,155.78298171896293,-76.71686290995538,0.00030306157609785337,0.15971345060356873,0.00030306157609785337,0.017408663822874326,0.9743446723688546,2.2363293170928955,0.2661374666616634
RFR-MLP-,-0.0005583944555657067,0.006057218935780132,208.38612408520677,-177.3415844131038,6.844499888131646e-05,24.213908936658388,6.862652602528764e-05,0.008273149272273314,1.0028037235479867,3.183647394180298,0.11206038016230505
RFR-RFR-,-0.000423767687110394,0.006164945339314657,525.4346160333367,266.47164495761876,6.90885478892738e-05,0.041038597446228633,6.90885478892738e-05,0.008311952110622016,1.0122325109249033,62.63535666465759,0.29413423586376974
RFR-SVR-,0.0039044507565863164,0.007113691575103792,1206.855333737588,627.8679145360077,8.349837026947554e-05,0.049598031940068475,8.349837026947554e-05,0.009137744265926659,1.223354196580682,1.964169979095459,0.41271528295094706
SVR-MLP-,-0.000994782708605265,0.019715832712074426,236.8167563651744,-100.15096226162483,0.000658940314812848,472.2871307531613,0.001338545757102907,0.02566983277726694,0.6775153795564733,4.8804004192352295,0.47066696711747025
SVR-RFR-,-0.0001521322556875571,0.020076693992469422,152.4213839158744,-53.151246136202765,0.000694095151114902,0.4122925197622518,0.000694095151114902,0.026345685626206466,0.713661206006926,29.981573820114136,0.3857850159218039
SVR-SVR-,-0.003488863822143003,0.02440919665772688,197.81570358439393,-100.17524632085878,0.0009847557234029273,0.5849448997013388,0.0009847557234029273,0.031380817761857756,1.012515295715725,1.719749927520752,0.44751780887204806
