model,MFE,MAE,MAPE,MPE,MSE,SSE,SMSE,RMSE,NMSE,TRAINING_TIME,Score
MLP-MLP-,0.00033373194335359634,0.01445364955588386,310.60043334092666,-90.58485135026395,0.00043110503224022876,139.6860166788075,0.0005029579794649011,0.020763068950428034,1.0045953430652008,3.3557214736938477,0.27617986676762396
MLP-RFR-,-0.00017812920016168322,0.01402968728963709,280.23672548830325,-11.973827967617497,0.00042205202777930367,0.22242141863969303,0.00042205202777930367,0.020543904881480144,0.9834993097506883,29.396360158920288,0.28658727070724754
MLP-SVR-,-0.006585768869253666,0.01501961235515889,282.55352812024375,-157.0822673175905,0.00046890725684534633,0.24711412435749752,0.00046890725684534633,0.021654266481350652,1.0926851029978666,2.4402382373809814,0.2213704701109139
RFR-MLP-,-0.001152530316056596,0.006335297355935305,489.0232095981678,122.19971090622246,7.480107505953615e-05,26.569537003048843,7.530279507490404e-05,0.00864876147546781,1.024900660660039,4.6221983432769775,0.118260433475434
RFR-RFR-,-0.00042822220076990544,0.006462302262230149,374.27438804681697,-282.79706069780303,7.741772223929225e-05,0.0459861270101396,7.741772223929225e-05,0.008798734127094207,1.0607531323138453,61.4625678062439,0.20305284142113492
RFR-SVR-,-0.01620767852775228,0.01658747314258308,6087.8726811707775,3818.4756549483814,0.00033567257517632087,0.1993895096547346,0.00033567257517632087,0.018321369358656598,4.599279405942287,1.225848913192749,0.42438466148422493
SVR-MLP-,-0.0021609336828661892,0.02162491131460773,319.3568858186471,-103.28731192856829,0.000818274721076353,622.6231501070303,0.001764624783488732,0.028605501587567958,0.6948350156358571,4.030665159225464,0.5063132885359584
SVR-RFR-,-0.0004869153111402777,0.02403182820298094,198.57239095997875,-118.96667803858203,0.000967928844481537,0.5749497336220329,0.000967928844481537,0.0311115548387016,0.8219132724826901,29.398716688156128,0.4459476471746463
SVR-SVR-,0.0017466453812961579,0.027655939881724816,120.16982008620111,-103.05573883692152,0.0011888660908730086,0.706186457978567,0.0011888660908730086,0.03447993751260302,1.009521335028028,2.5122928619384766,0.48060172493046094
