model,MFE,MAE,MAPE,MPE,MSE,SSE,SMSE,RMSE,NMSE,TRAINING_TIME,Score
MLP-MLP-,0.0011221343612126435,0.01297539854373378,335.7925842346679,-96.65585263054025,0.00038673299151481804,136.9333310427086,0.0004930465707315714,0.019665527999899166,0.9435372108444523,2.536363124847412,0.3761592680785956
MLP-RFR-,4.340017476594491e-05,0.012314059695600194,277.5386961272583,-127.88967031177863,0.000351138433068564,0.18504995422713322,0.000351138433068564,0.01873868813627475,0.8566948903429918,33.178380250930786,0.35424487606823274
MLP-SVR-,0.0029601035822797725,0.014002019551422032,162.16060856608593,-81.84522576469203,0.00041682200632299135,0.21966519733221646,0.00041682200632299135,0.02041621919756426,1.0169473044544086,1.9331717491149902,0.3916821640073326
RFR-MLP-,-0.0008027652999719896,0.006011594414372624,915.8367684282217,683.423835602009,6.947679059159932e-05,24.499278613908565,6.943531446311762e-05,0.008335273876220224,1.0100116797681826,3.678074359893799,0.21440991350677244
RFR-RFR-,-0.0005299790456112714,0.00603592634958198,1098.1325242807782,-1006.5960727908728,6.959194435338445e-05,0.041337614945910366,6.959194435338445e-05,0.008342178633509622,1.0116857157071182,57.71801209449768,0.291185817597124
RFR-SVR-,0.004097780204293987,0.007235685626091691,8018.3162851163015,-7560.8476633726095,8.557990870415549e-05,0.05083446577026836,8.557990870415549e-05,0.00925094096317534,1.2441090990052608,1.0695068836212158,0.31312197754589016
SVR-MLP-,-0.000725418753893289,0.020009295120659246,435.40974629131546,-115.54648393353848,0.0006787942219341986,549.5287357763611,0.0015574622084378045,0.026053679623696122,0.6743410197928694,3.464634418487549,0.5490833075311252
SVR-RFR-,-0.0005593944957239661,0.020607937530248754,283.3786096604342,-101.2012488755267,0.0006964839071901405,0.41371144087094347,0.0006964839071901405,0.026390981550335344,0.6919146525814867,27.033611059188843,0.4428495479419337
SVR-SVR-,-0.003575963856208279,0.024975108062733117,100.13040378649696,-100.13040378649696,0.0010184914892680944,0.6049839446252481,0.0010184914892680944,0.03191381345543171,1.011809716892351,1.5016839504241943,0.514369897948343
