model,MFE,MAE,MAPE,MPE,MSE,SSE,SMSE,RMSE,NMSE,TRAINING_TIME,Score
MLP-MLP-,-0.0003673412578064194,0.012582661681298608,115.8922560024707,-94.4711306333386,0.00035712489492949786,100.84816288679504,0.0003631171497639607,0.018897748408990365,0.9933087925163481,1.9591562747955322,0.21045453948605872
MLP-RFR-,-0.0005528883889068491,0.012477614237910172,147.49261225949934,-107.27194673270233,0.00036336389936455696,0.19149277496512151,0.00036336389936455696,0.0190621063727112,1.0106619875746656,34.30404472351074,0.2528680184558829
MLP-SVR-,-0.010128177431985023,0.015295442157404335,327.1416504934013,-53.87929853615737,0.00046203094150187445,0.24349030617148784,0.00046203094150187445,0.021494905012627397,1.2850949433223364,2.160315990447998,0.20032743902774466
RFR-MLP-,-0.000375812529392347,0.006769642692282635,106.64330282776034,-100.10241819937934,8.009359857660763e-05,28.209463645322305,7.995063895215428e-05,0.00894950269996091,1.0066482398393122,3.4913437366485596,0.09849994443924981
RFR-RFR-,-0.0005219454351862709,0.0067806100842202266,139.2309333153234,-90.29966174359026,8.1837628848049e-05,0.04861155153574111,8.1837628848049e-05,0.009046415248486497,1.0285679067561846,57.84636569023132,0.19434410198540403
RFR-SVR-,-0.014418651114562031,0.014837679200360497,975.6575557418616,-13.189430239237545,0.0002874621337717837,0.17075250746043952,0.0002874621337717837,0.016954708306891737,3.612938563436381,1.8741426467895508,0.24560446118192703
SVR-MLP-,-0.0005454048069583798,0.022709976927287365,2307.0647868687015,831.4324541006916,0.0008737530640948061,643.9296414904687,0.0018250111708852518,0.029559314337359147,0.6858053916143185,3.8057408332824707,0.6975534582732121
SVR-RFR-,-0.0001589823183455151,0.024639967363660104,643.4241943574824,212.85605265336423,0.0009948118383077962,0.590918231954831,0.0009948118383077962,0.03154063788682461,0.7808239540310343,32.28669452667236,0.4911289568299674
SVR-SVR-,0.003242568721694241,0.028237160546711715,582.8680868819212,385.1014687241649,0.0012977917390482397,0.7708882929946543,0.0012977917390482397,0.036024876669438294,1.018631703173327,2.0364949703216553,0.5556553996993026
