model,MFE,MAE,MAPE,MPE,MSE,SSE,SMSE,RMSE,NMSE,TRAINING_TIME,Score
MLP-MLP-,-0.001126103349584981,0.011544484639379923,387.0866531524417,-49.85947320085111,0.00032087805535545825,117.81998363273982,0.0004242264352398915,0.01791306940073248,0.9488200056003343,4.845078706741333,0.28847613029020513
MLP-RFR-,0.0002003922047472018,0.011786986927524676,299.8990633638518,63.95909311168136,0.00033130409079200525,0.17459725584738675,0.00033130409079200525,0.018201760650882245,0.9796492593812927,37.960551023483276,0.39808125356869517
MLP-SVR-,0.004927448189122684,0.013410862524346532,425.6027008908886,90.88215427376987,0.00035984571310227696,0.18963869080489995,0.00035984571310227696,0.018969599708540952,1.0640453774339134,1.697974681854248,0.4209654855592418
RFR-MLP-,-0.000606437169363409,0.0059905353496028345,136.46440532795765,-97.34413812161182,6.826904518275114e-05,24.086835519211753,6.826637735155074e-05,0.008262508407423931,1.0054574619417118,4.833503484725952,0.11229549646863028
RFR-RFR-,-0.0002825579718108782,0.005923662339734647,224.22927264503792,-12.887597229157285,6.812999392461612e-05,0.04046921639122198,6.812999392461612e-05,0.008254089527295916,1.0034095334155404,44.87709951400757,0.25032208693085856
RFR-SVR-,0.005679877686791032,0.008040692661865325,817.2293358646502,-137.71698482456014,0.0001001595022850427,0.05949474435731537,0.0001001595022850427,0.010007971936663427,1.4751358933947494,1.122105360031128,0.3128163537143439
SVR-MLP-,-0.0007581903326559886,0.018815989817064182,908.3520923376401,-37.27490927262333,0.0006028880291292421,567.3080584004266,0.0016078519720222047,0.024553778306591473,0.5983477073418454,6.4085235595703125,0.5787538033707488
SVR-RFR-,-0.0012707960443373405,0.019688658533773943,316.9671719196956,-47.828925355870176,0.0006754255693664148,0.4012027882036504,0.0006754255693664148,0.02598895090930788,0.6703389707275459,27.577989101409912,0.40955992205935055
SVR-SVR-,-0.0034058615863945436,0.024712902453040874,102.15874900798443,-101.86033959844166,0.0010202461625928205,0.6060262205801354,0.0010202461625928205,0.031941292437733644,1.0125627360580152,1.5871946811676025,0.4259272220782518
