model,MFE,MAE,MAPE,MPE,MSE,SSE,SMSE,RMSE,NMSE,TRAINING_TIME,Score
MLP-MLP-,-0.0018946858513165376,0.013517109075368346,254.73510422871294,-55.17624356629036,0.00038936976980362057,108.36689678897488,0.00039018934568941263,0.019732454733347813,1.0145975077439016,3.23412823677063,0.2852664425144268
MLP-RFR-,-0.001107024266717012,0.013101396768038847,565.0709556064886,-493.6647829323232,0.0003740716218145839,0.1971357446962857,0.0003740716218145839,0.019340931255102063,0.9747344674503464,32.9244818687439,0.29033997113760684
MLP-SVR-,-0.00040258059070157976,0.01345802404519408,122.2458701693999,-91.37819489374182,0.0003838136131158016,0.20226977411202746,0.0003838136131158016,0.019591161607107468,1.000119591980336,1.3063409328460693,0.262527316475933
RFR-MLP-,-0.0003923852407262012,0.006556823805264845,104.20299659512722,-100.10567755518736,7.894559807101678e-05,27.905967941915534,7.909047813124379e-05,0.008885133542666467,1.0024451574796691,3.8574435710906982,0.14003316679466207
RFR-RFR-,-0.0005972390127019727,0.006822825935508439,137.26959021299453,-79.04701535865867,8.434609077406893e-05,0.05010157791979695,8.434609077406893e-05,0.0091840127816804,1.0710202001731064,61.28340291976929,0.236440956938974
RFR-SVR-,-0.019722935872551813,0.0199314411038754,1237.1699631229603,-230.38879417263294,0.0004677472339324543,0.2778418569558779,0.0004677472339324543,0.021627464805946496,5.939418549445915,1.17189359664917,0.33055201746353713
SVR-MLP-,-0.00194174324342356,0.02094130083980311,4444.493767973677,-213.20684022386064,0.0007464522061980632,552.5988307268402,0.0015661634037536993,0.027321277535980324,0.6844414497367534,3.440596342086792,0.630101680017688
SVR-RFR-,-0.00012744162758830197,0.022410461708850356,1406.7250851516908,1030.5645348260969,0.0008421152829607274,0.5002164780786721,0.0008421152829607274,0.029019222645700338,0.77215741386955,31.830260038375854,0.575383187977549
SVR-SVR-,-0.002426294274318573,0.025611031437395838,104.00349288359723,-95.39071626872838,0.001096487431511218,0.6513135343176635,0.001096487431511218,0.033113251599793364,1.0053978553618672,1.8924577236175537,0.49022926158828406
