model,MFE,MAE,MAPE,MPE,MSE,SSE,SMSE,RMSE,NMSE,TRAINING_TIME,Score
MLP-MLP-,5.406152847940886e-05,0.012240755179409018,146.81582754668233,-100.07810288196706,0.00034086237923385796,96.78618189519986,0.00034849144992132565,0.018462458645420385,0.9851706608213515,3.6761269569396973,0.3247291686093731
MLP-RFR-,0.00023532708797275234,0.011776654077085624,269.8259774444009,-169.48062927813518,0.0003279310606095381,0.17281966894122658,0.0003279310606095381,0.01810886690573262,0.9477961763063787,31.410845518112183,0.34846471967922577
MLP-SVR-,-0.0027387960721919975,0.012464416397862648,243.26621572404042,-100.04690794279671,0.0003533268966284055,0.1862032745231697,0.0003533268966284055,0.018796991690917073,1.0211959824365036,1.369638204574585,0.2976866020558905
RFR-MLP-,-0.0005630067523599474,0.005926836940727562,128.76036387209908,-108.04430198256279,6.784734736066328e-05,23.894931118836592,6.772248613757267e-05,0.008236950124934792,1.0091618651222682,3.234219551086426,0.19207013369566805
RFR-RFR-,-0.000455311276527344,0.005880063117275977,362.63408392165127,-252.93383980011583,6.566431930937621e-05,0.03900460566976947,6.566431930937621e-05,0.008103352350069457,0.9766914923582423,52.40675401687622,0.26426009974464015
RFR-SVR-,-0.015728560856281985,0.016068992548057867,2343.649916463868,-547.1963550768768,0.00031461900911196046,0.18688369141250452,0.00031461900911196046,0.017737502899561722,4.67964509136326,1.2519967555999756,0.32687018258335104
SVR-MLP-,-0.004583256053208661,0.020285614724176188,338.27315029789816,-78.58687000239179,0.0007295089925234464,605.4286856411004,0.0017158926119814884,0.02700942414275888,0.6501886331691457,3.553114891052246,0.5802127184314915
SVR-RFR-,-0.001043800029406602,0.02082221217059198,238.16507874702052,-51.57393812495793,0.0007607451101808923,0.45188259544745,0.0007607451101808923,0.027581608186994684,0.6780284115040955,30.455346822738647,0.5044228012568827
SVR-SVR-,0.0020356422897775694,0.02632201980208446,122.60081491231946,-94.83337185873816,0.001112919189939007,0.6610739988237702,0.001112919189939007,0.03336044349134176,0.9919101948711058,3.330373525619507,0.5673791692624235
