model,MFE,MAE,MAPE,MPE,MSE,SSE,SMSE,RMSE,NMSE,TRAINING_TIME,Score
MLP-MLP-,0.0015030412367976363,0.010919929939616947,579.7132471955744,-43.69974815470144,0.0002897414189009604,118.32921402143714,0.00042605998661082256,0.017021792470270587,0.8908172357457153,5.775969505310059,0.3252309812853219
MLP-RFR-,0.0004588629229076041,0.010734052599453555,334.9855969725148,-148.91346132681983,0.000281513459203858,0.14835759300043316,0.000281513459203858,0.01677836282847221,0.8655201679636825,37.580036878585815,0.26805883715384565
MLP-SVR-,0.004395536577625017,0.012938567074665066,415.5898614691698,44.4874394559894,0.00033978804243442034,0.17906829836293953,0.00033978804243442034,0.01843334051208354,1.044686830930249,2.1905643939971924,0.3800413899253983
RFR-MLP-,-0.00034844578157620075,0.0058817050012874555,106.78088733623174,-99.95613583265029,6.531538380968822e-05,23.037688959454215,6.529290933876989e-05,0.008081793353562575,1.0029628646399538,5.579032897949219,0.12386097104325196
RFR-RFR-,-0.0006620881090270655,0.0059526563843599,232.3845027184205,-73.95656760829125,6.578133779423053e-05,0.03907411464977294,6.578133779423053e-05,0.008110569511090484,1.0101179101417708,73.81730270385742,0.22986058339908086
RFR-SVR-,0.005896132679619946,0.008109856575901363,824.4762329742438,-105.43942961408068,9.988681542588514e-05,0.05933276836297577,9.988681542588514e-05,0.009994339169043902,1.5338310930119343,2.155942916870117,0.353712643363823
SVR-MLP-,0.00020313603265727305,0.019537106118735215,1191.3135415797487,-126.98917682237216,0.0006487515589875346,541.8520759962656,0.001535705188802349,0.025470601857583472,0.6283101755419095,5.632652282714844,0.5836776933608375
SVR-RFR-,-0.000557641954639981,0.01975391711406864,516.6444193060934,-349.86875080441513,0.0006830388724533994,0.4057250902373193,0.0006830388724533994,0.02613501238670836,0.661517136888128,38.37749528884888,0.3528922388526416
SVR-SVR-,-0.0010494558570450015,0.025001651797476855,131.2424331117527,-73.68321650879705,0.001030386764678141,0.6120497382188158,0.001030386764678141,0.03209963807705846,0.9979205136729736,3.1977670192718506,0.4803012588511568
