model,MFE,MAE,MAPE,MPE,MSE,SSE,SMSE,RMSE,NMSE,TRAINING_TIME,Score
MLP-MLP-,-0.002499188711897046,0.011093677735827987,544.0989873111703,-112.13889193955275,0.0003000783916201258,122.40068677860215,0.00044071986281087733,0.017322770899025532,0.9510891867733476,4.645187139511108,0.3392573277020322
MLP-RFR-,-0.00011073366097221277,0.01087580943316025,324.46819801193135,-183.49029583579593,0.0002795441487136751,0.14731976637210678,0.0002795441487136751,0.016719573819738202,0.8860065385977809,28.940734386444092,0.2818934904174622
MLP-SVR-,0.0036980503885971445,0.012762956963497257,487.79586084400705,-173.6024669713894,0.00032895232364779897,0.17335787456239005,0.00032895232364779897,0.01813704285840994,1.0426042218376277,1.2505548000335693,0.3508721221225276
RFR-MLP-,-0.0008238013135466328,0.00603395262475886,168.01000141164857,-88.9998972293618,6.876872166521946e-05,23.757601261353976,6.733326888796487e-05,0.008292690857931427,1.0516357235748273,4.352527856826782,0.18925780319615432
RFR-RFR-,-0.0005624671500021192,0.005955913708867319,193.89933187916682,-113.10270347371352,6.677996454051376e-05,0.03966729893706517,6.677996454051376e-05,0.008171900913527633,1.0212229430663269,54.32693386077881,0.2661571444465265
RFR-SVR-,0.005965939424509713,0.008138875397009223,676.197185246747,-238.23690516725438,0.00010098458386719752,0.05998484281711532,0.00010098458386719752,0.01004910861057823,1.544292133887293,1.2453734874725342,0.3250401315922545
SVR-MLP-,0.00021527205637233117,0.019492563670605416,404.14461456495746,-112.84154569167686,0.0006427668275670594,558.8588433277419,0.0015839053932357862,0.025352846537757046,0.6205747150897075,4.798146724700928,0.577194345588308
SVR-RFR-,-0.000574141167983355,0.020099909872052055,249.36317721131132,-96.94362220310984,0.0006952173671164541,0.4129591160671737,0.0006952173671164541,0.026366974932981107,0.6712143517996018,28.691879749298096,0.4563695350589764
SVR-SVR-,-0.0019088611584333656,0.025010827662455923,101.65312109954152,-97.58952946618614,0.0010383179712096786,0.6167608748985491,0.0010383179712096786,0.032222941690815236,1.0024690938001846,1.7653851509094238,0.5076821430291605
