model,MFE,MAE,MAPE,MPE,MSE,SSE,SMSE,RMSE,NMSE,TRAINING_TIME,Score
MLP-MLP-,0.004705742416725726,0.04776724473086413,342.3246057404675,-46.06179563213327,0.008579481519704559,2381.2385572458343,0.00857396439423263,0.09262549065837417,1.0167655144191718,3.8787505626678467,0.5409618603861505
MLP-RFR-,-0.005208921907590788,0.04529569892184147,346.3318464517332,106.78033298457174,0.008603123517522234,4.533846093734217,0.008603123517522234,0.09275302430391277,1.0195673583322074,43.08668923377991,0.5093548468655065
MLP-SVR-,0.008802780796299902,0.049305535668791055,381.81416420061794,-39.79979659120714,0.008566867326493232,4.514739081061934,0.008566867326493232,0.09255737316115466,1.015270589974141,93.06905913352966,0.5463329927512659
RFR-MLP-,0.0010735422850951788,0.016587497257127982,273.59515252891237,-100.07265346885663,0.0012141665478097169,433.2039895689875,0.0012277771813788488,0.0348448927076798,1.001812376477026,2.227900505065918,0.08828286903273255
RFR-RFR-,-0.0019481057209857603,0.01640059033792382,267.7702179786803,-79.22217141400729,0.0012509119699262781,0.7430417101362092,0.0012509119699262781,0.03536823391019515,1.0321311319407227,61.95404601097107,0.11720225807800037
RFR-SVR-,0.030071198389157103,0.039392131184275814,2009.3032885530843,-208.39651888317997,0.0023364241290178183,1.3878359326365841,0.0023364241290178183,0.04833657134114726,1.9277903952896847,14.702311038970947,0.4142137133078311
SVR-MLP-,-0.00038394801634227335,0.053081182742619575,297.3465543697192,-156.01943685784784,0.008948854479898505,3206.010954084577,0.00908640545206435,0.09459838518652687,1.0236201829474385,2.473280191421509,0.5418961766936592
SVR-RFR-,-0.004151310933558141,0.039976159263713736,281.3148374895128,-189.39931527121348,0.007506484578485592,4.458851839620442,0.007506484578485592,0.08663997102080305,0.858633821209337,44.070369482040405,0.3497190292994371
SVR-SVR-,0.015893228519479843,0.058390417404700884,106.58997551707756,-100.24645155286561,0.009012647443485502,5.3535125814303886,0.009012647443485502,0.09493496428337403,1.03091718003286,149.19247198104858,0.609446467049209
