model,MFE,MAE,MAPE,MPE,MSE,SSE,SMSE,RMSE,NMSE,TRAINING_TIME,Score
MLP-MLP-,0.0012375836821348735,0.01326973553670429,315.4603558776102,-83.7231502838361,0.00038346795957434204,129.05889591075976,0.0004646936254793693,0.01958233794965101,1.0468363213979135,5.994811534881592,0.34361220232819567
MLP-RFR-,-8.459113991274203e-05,0.01307477521427169,157.97375740439998,-90.26384452503791,0.00038415969360421445,0.20245215852942103,0.00038415969360421445,0.019599992183779422,1.048724699003232,34.67079758644104,0.3559895082941967
MLP-SVR-,-0.0025548240716793463,0.013407277754137551,163.55149246954798,-146.87387467278657,0.0003726002050442882,0.19636030805833987,0.0003726002050442882,0.019302854841817783,1.017168235994571,2.1543591022491455,0.2710675389923942
RFR-MLP-,-0.00037928588977170124,0.006602565053889575,132.2519290557843,-99.36502671256642,8.038070486453723e-05,28.234066158791318,8.002036685256414e-05,0.00896552869966614,1.01157139348247,2.6336920261383057,0.17902870403792964
RFR-RFR-,-0.0006311977015223542,0.0066685366820723345,175.5710509230174,-110.31480310891308,8.270692139031871e-05,0.049127911305849314,8.270692139031871e-05,0.00909433457655472,1.040846256106434,53.72747468948364,0.2749497937127531
RFR-SVR-,-0.015242364328657922,0.015603100823927128,1799.0417910629692,-372.21697570071143,0.00031179089805939524,0.18520379344728077,0.00031179089805939524,0.017657601707462858,3.9238117376131942,1.682328462600708,0.35530877792254356
SVR-MLP-,-0.0008915489908211089,0.022650250475206683,1184.3706133969135,134.363536953551,0.000875421802836276,660.530368518152,0.0018720605848557177,0.029587527825695,0.7097100370805497,4.687436103820801,0.6769304199629312
SVR-RFR-,-0.0008237715470764055,0.02449622430091601,949.9186113321334,-815.8498138407784,0.0009929489005455745,0.5898116469240713,0.0009929489005455745,0.0315110917066606,0.8049900045236673,31.18462300300598,0.4943477463121077
SVR-SVR-,0.0016208393312615648,0.027669262665459653,280.6944542908897,14.281931584726108,0.0012436441417144509,0.7387246201783838,0.0012436441417144509,0.03526533909824845,1.0082302349239556,1.8723993301391602,0.5709589062711139
