model,MFE,MAE,MAPE,MPE,MSE,SSE,SMSE,RMSE,NMSE,TRAINING_TIME,Score
MLP-MLP-,0.00042779906667442697,0.012423727093106072,223.0524838959659,-93.48352982352854,0.00033222257933071547,111.64453326885847,0.0004019909093715761,0.018226973948813213,0.9426806650754487,4.131227731704712,0.3098663202724422
MLP-RFR-,-4.426177591480216e-05,0.01224627552376549,187.48979220951506,-79.10494364468444,0.0003252040919592284,0.17138255646251338,0.0003252040919592284,0.018033415981428155,0.922765726251887,31.883442401885986,0.3187015553036807
MLP-SVR-,-0.002228805411489568,0.012559300869399725,145.96871901098564,-85.6983180567422,0.00034894971782082224,0.1838965012915733,0.00034894971782082224,0.018680195872121424,0.9901438750367625,2.0879604816436768,0.2555542386675155
RFR-MLP-,-0.0006573867886154335,0.006251035361074717,107.97209683423799,-96.47790550305886,7.704207217081003e-05,27.211753415590103,7.712295065013237e-05,0.008777361344436609,1.008302955857093,2.9625303745269775,0.13928499732436977
RFR-RFR-,-0.00037876233187959714,0.0062676613517365885,137.44450845941688,-115.10264112689472,7.426349320468917e-05,0.04411251496358537,7.426349320468917e-05,0.008617626889387192,0.971937768555141,58.269733905792236,0.22108921630072365
RFR-SVR-,0.004072691850717016,0.007496318951086191,290.55386260656024,-143.24404842132785,9.299448163099816e-05,0.055238722088812905,9.299448163099816e-05,0.009643364642644089,1.2170831866910792,2.196899175643921,0.25221863301502634
SVR-MLP-,0.0010359614767915506,0.020271655080774255,612.6977417833091,38.90587425675987,0.0007249078253689728,475.3942755690995,0.001347351958329364,0.026924112341337694,0.7737135127627179,3.652724027633667,0.7027422625294237
SVR-RFR-,-0.0007414574538257338,0.02138900424678934,227.87052237450155,-49.071553039036594,0.0007793354342074665,0.46292524791923506,0.0007793354342074665,0.02791657991601884,0.8318055555741908,30.824615001678467,0.4943472329001132
SVR-SVR-,-0.005551210131959875,0.024369643393839537,101.15876093697132,-101.13002068562425,0.0009683708888241407,0.5752123079615395,0.0009683708888241407,0.031118658210535697,1.033568152844705,2.457315683364868,0.45273007557679945
