model,MFE,MAE,MAPE,MPE,MSE,SSE,SMSE,RMSE,NMSE,TRAINING_TIME,Score
MLP-MLP-,-0.0030435278618037727,0.013595969828320486,275.59485890510115,-99.47066554419258,0.00039222299986171904,124.83127144245164,0.0004494715043889966,0.01980462066947305,1.0804527646694115,4.048572540283203,0.3241753656916034
MLP-RFR-,-0.0004989127441013975,0.012776290333642798,183.17192024069877,-74.60842398908011,0.0003681455234948292,0.19401269088177497,0.0003681455234948292,0.01918711868663008,1.014126781960493,33.305124282836914,0.3566605643088767
MLP-SVR-,-0.012049215563074017,0.016653995661734623,423.50004690585195,-98.22712925817257,0.0005080194337427037,0.2677262415824049,0.0005080194337427037,0.022539286451498497,1.3994360399227188,2.4791533946990967,0.31301802153477276
RFR-MLP-,-0.0009743964926538512,0.006955587469380587,145.089839471375,-125.7154909975576,8.515697397321818e-05,30.15161419863292,8.545503916446429e-05,0.009228053639485315,1.0103359912298415,3.630490779876709,0.18217559387843038
RFR-RFR-,-0.0006039698394772103,0.007133713328116819,191.5874497596494,-52.41516048827478,8.841974747083084e-05,0.052521329997673526,8.841974747083084e-05,0.009403177519904155,1.0490468253760348,53.80065846443176,0.2960882163956559
RFR-SVR-,-0.014589275538383548,0.015051170088551917,1382.447503490585,-673.4604580397098,0.00029713275745242194,0.17649685792673864,0.00029713275745242194,0.017237539193644257,3.5253004542172057,2.732295036315918,0.30080064739022677
SVR-MLP-,0.0007644667037073692,0.023995010428536315,602.2669387598404,-165.69060502850203,0.000936381376065316,628.1934056753905,0.0017804118788201616,0.030600349280119597,0.756876326363821,4.335548639297485,0.6466899803302242
SVR-RFR-,-0.0007760103614598798,0.023569140482093638,477.393490187784,-356.6731399422367,0.0009370723820442105,0.556620994934261,0.0009370723820442105,0.03061163801635271,0.7574348659505423,31.717599868774414,0.499182109322396
SVR-SVR-,0.0032966472800760815,0.028018720721716586,124.11142647011337,-74.14913899508366,0.0012343455038828094,0.7332012293063888,0.0012343455038828094,0.035133253533978455,0.997720495433426,4.190972089767456,0.5764268232723015
