model,MFE,MAE,MAPE,MPE,MSE,SSE,SMSE,RMSE,NMSE,TRAINING_TIME,Score
MLP-MLP-,0.001199725527027099,0.012629898718560604,374.6046226987394,-112.62638999763442,0.0003672652940974259,132.04703069030765,0.000475452799996787,0.019164166929387407,0.9843542832558525,4.256277561187744,0.35872851394486316
MLP-RFR-,5.62584721558106e-05,0.012797951273806786,263.7254716590417,-67.30053812986931,0.000362775727257267,0.19118280826457973,0.000362775727257267,0.01904667234078612,0.9723212258989504,30.06778883934021,0.37096004234912827
MLP-SVR-,-0.007001843053835124,0.014099315377492568,429.21055764961693,-219.73810307224628,0.00042175123395476544,0.22226290029416138,0.00042175123395476544,0.020536582820780223,1.1303889593817307,2.214109420776367,0.28437996289517986
RFR-MLP-,-0.0011564433060341488,0.005734460023438384,174.23399097748077,-125.70495061096658,6.373093047037814e-05,22.669694582607942,6.424994780183412e-05,0.00798316544175167,1.0195904094483323,3.829648494720459,0.18364931433538415
RFR-RFR-,-0.0003010899334131563,0.0057150486107024855,191.59201742080495,-55.04242692031479,6.447506875775467e-05,0.03829819084210627,6.447506875775467e-05,0.008029636900741818,1.0314954021341844,61.76543593406677,0.29951984445485225
RFR-SVR-,-0.015122565739703945,0.015443749356717527,1603.9076741254248,-485.1605559748209,0.00029119839896641763,0.17297184898605206,0.00029119839896641763,0.01706453629508923,4.658697003817759,1.587357997894287,0.31589179891813707
SVR-MLP-,-0.0013671841997381085,0.019369203631103,450.8300848353558,-129.60185959779434,0.0006441883815561821,652.6739146363902,0.0018497939967474697,0.02538086644612792,0.5923739116302996,5.011888742446899,0.5758029654867329
SVR-RFR-,-0.00048129831627894505,0.020394810342946497,230.15416098803473,-126.67182063128837,0.000722535735314891,0.4291862267770452,0.000722535735314891,0.026880024838435157,0.6644194960287844,29.352759838104248,0.46357086595757896
SVR-SVR-,0.0020796761576885106,0.02658499374612709,158.37454038768593,-90.94995758614508,0.0011353847726242377,0.6744185549387972,0.0011353847726242377,0.033695471099603844,1.044061548176557,2.1849052906036377,0.563839420045761
