model,MFE,MAE,MAPE,MPE,MSE,SSE,SMSE,RMSE,NMSE,TRAINING_TIME,Score
MLP-MLP-,0.0013361522351385984,0.02710236564901782,228.88196437883494,-128.58274886535216,0.0018368793098366672,513.2364841501004,0.0018479758474991823,0.042858830010123555,1.0388905589613464,5.613552093505859,0.5551803806304658
MLP-RFR-,-0.0020001691131129344,0.024324644668923152,288.7080044755754,-11.740976025362679,0.001724220737760535,0.908664328799802,0.001724220737760535,0.041523737039921335,0.9751738377324666,44.90595841407776,0.531745211232433
MLP-SVR-,0.006317217465191398,0.028592465503361673,284.3524447723485,-155.67099947363602,0.0018123634558485638,0.9551155412321931,0.0018123634558485638,0.04257186225488103,1.0250250376302905,24.829179286956787,0.5453631329774592
RFR-MLP-,-0.0017766182245443011,0.008182998425555692,158.25948458316205,-66.19016704754655,0.000157010110839135,55.10770254730443,0.0001561850336907357,0.012530367546051272,1.0274051394237325,3.88545298576355,0.11501498051761731
RFR-RFR-,-0.0005018504894118603,0.00819235091068702,170.59696640775175,-102.08943542728663,0.0001558476648266727,0.09257351290704358,0.0001558476648266727,0.012483896219797435,1.0197986037610065,76.82093358039856,0.20387421284810808
RFR-SVR-,-0.011128827228591594,0.012852670105188075,769.738531821476,179.71594906304892,0.0002766428280173163,0.16432583984228588,0.0002766428280173163,0.016632583323624633,1.8102290468472373,2.613356351852417,0.3474252850648366
SVR-MLP-,-0.007627481744776586,0.02570457128863833,593.0044478719913,-144.6840063592703,0.0014136126521744905,771.9790524672507,0.002187925983933756,0.03759804053636959,0.8510534109775932,5.750900506973267,0.5424697237961107
SVR-RFR-,-0.0021486994077254073,0.023987553450463307,461.0064159337085,-97.3704994336267,0.0012579916141971558,0.7472470188331105,0.0012579916141971558,0.03546817748626444,0.7573630956095498,45.05225849151611,0.44092517059801783
SVR-SVR-,-0.0011010194360718173,0.0308210428934376,395.9605970497467,-137.2500324029244,0.001670559222276085,0.9923121780319945,0.001670559222276085,0.04087247511805573,1.0057458966366442,32.72935700416565,0.5242423381812621
