model,MFE,MAE,MAPE,MPE,MSE,SSE,SMSE,RMSE,NMSE,TRAINING_TIME,Score
MLP-MLP-,-0.0014877498054095988,0.03616799785086616,156.69202374338843,-90.22450995291958,0.002371613916597633,681.6748512919139,0.0024544604679090547,0.04869921884997369,0.9835573739911456,2.5372042655944824,0.37033633708731173
MLP-RFR-,0.0006379937616057993,0.03566117393750083,140.70930087540123,-125.08395201390896,0.002462563505694752,1.2977709675011344,0.002462563505694752,0.049624222973208884,1.0212760508769134,47.80898928642273,0.3238899991531018
MLP-SVR-,0.006974226796849994,0.03821804879646894,149.59953397094014,-115.3099108774205,0.0024902942135750184,1.3123850505540346,0.0024902942135750184,0.04990284775015368,1.032776549347912,118.50082015991211,0.4322914683252356
RFR-MLP-,0.0013190430060842984,0.017147755365643315,138.8348948735917,-95.86776674078389,0.0006588666908460192,232.97315075029815,0.0006602873594256202,0.02566839868098552,1.006761918721308,3.062819004058838,0.19013957632750872
RFR-RFR-,0.001049724027710474,0.017555939515156455,168.50901541560955,-139.20475890451516,0.0007054134029247796,0.4190155613373191,0.0007054134029247796,0.026559619781254016,1.0778862566392085,88.12536478042603,0.18457223118401248
RFR-SVR-,-0.0167831376290555,0.025323861337098283,804.4194823875469,-144.7196888472042,0.0009390729693459692,0.5578093437915057,0.0009390729693459692,0.030644297501263903,1.434922902573951,4.813406944274902,0.24389732126061414
SVR-MLP-,-0.004580196427681068,0.05428596938714207,214.55019496437697,-115.19901938866445,0.005872868940327738,2081.854180249067,0.005900345146892798,0.07663464582241988,1.0787557802622558,5.63167142868042,0.6457391647798794
SVR-RFR-,1.135055105413904e-06,0.04956517935851223,174.60122920396077,-135.43275209414324,0.00528154318391718,3.1372366512468046,0.00528154318391718,0.07267422640742163,0.9701383252794714,46.03846478462219,0.48496682100004807
SVR-SVR-,0.0037177057859312237,0.05470348557933169,104.81575023910685,-103.3447867932414,0.0054889036282652105,3.260408755189535,0.0054889036282652105,0.0740871353762933,1.0082272525501188,139.44806241989136,0.6503336296595978
