model,MFE,MAE,MAPE,MPE,MSE,SSE,SMSE,RMSE,NMSE,TRAINING_TIME,Score
MLP-MLP-,0.0012226453578197858,0.012789045228128784,223.60829954720379,-89.48781748791971,0.0003559667528359804,101.50470109112179,0.00036548110240962155,0.018867081195457353,1.0512719700517064,2.9220523834228516,0.3492909754290983
MLP-RFR-,8.877380611368175e-05,0.012698352147735013,217.37579564287674,-111.45291038656266,0.0003447904868479663,0.18170458656887822,0.0003447904868479663,0.01856853486002507,1.0182652494255944,30.683900594711304,0.36627415737789243
MLP-SVR-,-0.008498715427044461,0.014159681593545238,252.50434692781818,-114.78747871317587,0.00041087685699757584,0.21653210363772246,0.00041087685699757584,0.02027009760700663,1.2134372647535494,1.2726542949676514,0.30228817829607646
RFR-MLP-,-0.0008120021819296164,0.0065970149689472315,130.11802271218403,-107.04410214823142,8.050602743731175e-05,28.310168101178082,8.023605329722047e-05,0.008972515112125013,1.0122984686340502,4.118287563323975,0.2005980706354888
RFR-RFR-,-0.0005372078119196004,0.006845069423135248,177.2250377228358,-77.42661863735538,8.583167469643109e-05,0.050984014769680064,8.583167469643109e-05,0.009264538558203052,1.0792641945120238,55.91729116439819,0.30597175678903477
RFR-SVR-,-0.020297033585678807,0.0205005734622801,2441.9715573197946,-464.51016456335725,0.0004914975277508048,0.291949531483978,0.0004914975277508048,0.022169743520185452,6.180185639727241,1.8121123313903809,0.39612873163165296
SVR-MLP-,-0.001941943639241756,0.020706255637150346,365.28367894686374,-100.50796579057548,0.0007298892370819547,567.8092009198235,0.0016092722990846272,0.02701646233469428,0.6686223707753105,4.838242053985596,0.6100035838979373
SVR-RFR-,-0.00011689846335926618,0.022329232768785505,215.4474609280867,-96.94492073058073,0.0008409566302879151,0.49952823839102156,0.0008409566302879151,0.028999252236702848,0.7703667725123434,29.047281503677368,0.5366619846988876
SVR-SVR-,-0.0022236800842866423,0.025619966118536553,100.04916304083775,-100.04916304083775,0.0010965762464452452,0.6513662903884757,0.0010965762464452452,0.033114592651054084,1.0045296907861996,1.9376046657562256,0.5520274151681835
