model,MFE,MAE,MAPE,MPE,MSE,SSE,SMSE,RMSE,NMSE,TRAINING_TIME,Score
MLP-MLP-,-0.00035541478170040836,0.013496888964587297,366.0113220363916,-100.814094037406,0.00040314039440990894,146.38722680223708,0.000527086572890253,0.020078356367240546,0.9778548172724805,5.6289143562316895,0.3452697381296418
MLP-RFR-,0.0003643999167544942,0.013268149211933452,199.73896132838124,-56.30644813731676,0.0003866665300873574,0.20377326135603735,0.0003866665300873574,0.019663838132149006,0.9378959150878466,38.58461117744446,0.3565439130111084
MLP-SVR-,-0.006230762993499994,0.014753012095994007,250.54903265877115,-87.18916164306077,0.0004492902057007892,0.23677593840431593,0.0004492902057007892,0.021196466821165955,1.0897955106705173,2.503035306930542,0.29800694535370975
RFR-MLP-,-0.00032773857581522634,0.0066099988988162954,135.0475341398522,-98.55331079325316,7.93688909720284e-05,28.342124107518185,8.032662230474834e-05,0.008908921987088472,0.996538746024598,5.8948891162872314,0.1891371206755987
RFR-RFR-,-0.0005812273456795861,0.0067078788501674915,151.50815805370382,-100.44347031753611,8.052964339748152e-05,0.047834608178104025,8.052964339748152e-05,0.008973831032367477,1.0111129041404487,75.38786435127258,0.2797596569542801
RFR-SVR-,-0.01744960055945688,0.017687908515882395,2015.296419229933,-584.1185124424558,0.00038413312071009507,0.22817507370179646,0.00038413312071009507,0.019599314291834168,4.823092949022851,2.0077576637268066,0.3340498970006903
SVR-MLP-,-0.005641944839743914,0.024546944099578565,281.83496550550274,-71.37758270173113,0.001031625445998518,622.6592957811134,0.0017647272267600626,0.03211892660097031,0.8164744642797225,5.249249219894409,0.614216212185545
SVR-RFR-,-0.0006552438213725877,0.025153427593193667,200.16244619125501,-81.91765749781621,0.0010300194383763314,0.6118315463955408,0.0010300194383763314,0.032093915909036895,0.815203398101547,42.6821870803833,0.5417146423814168
SVR-SVR-,0.0035491932397338543,0.028194911864197765,111.48324970648046,-103.44612970313804,0.0012923061542744047,0.7676298556389964,0.0012923061542744047,0.03594865997884211,1.022788822328156,3.4420652389526367,0.5702716713288111
