model,MFE,MAE,MAPE,MPE,MSE,SSE,SMSE,RMSE,NMSE,TRAINING_TIME,Score
MLP-MLP-,-0.0009451879453660505,0.012926650064649712,356.94941481419903,-103.52000487966333,0.00031839885334757333,119.72572143674705,0.0004310882962771156,0.017843734288191283,0.9896464998771182,3.9453752040863037,0.47868807402381464
MLP-RFR-,0.0002458297396022922,0.012272910287916506,295.09245277508404,-135.07976978017163,0.00030147192519020525,0.15887570457523817,0.00030147192519020525,0.017362946903973567,0.9370342651643124,31.40034794807434,0.43713496330311497
MLP-SVR-,-0.0024163713237801477,0.01271005448793018,124.29868993497041,-81.8335036963868,0.0003213659042656607,0.1693598315480032,0.0003213659042656607,0.017926681351149765,0.9988686799357788,1.3663690090179443,0.347763493373634
RFR-MLP-,-0.0008950280209379686,0.006426538907267935,152.38447831806113,-77.17971730421766,7.384078815810649e-05,26.586053158820956,7.534960479888945e-05,0.008593066283818977,1.0008025780095546,4.839943170547485,0.27385717395307085
RFR-RFR-,-0.0005895259973682591,0.006386619638876028,142.49888004464418,-72.26301717218438,7.5028099857465e-05,0.044566691315334216,7.5028099857465e-05,0.008661876231941035,1.0168948305336558,50.7862343788147,0.3682968340228496
RFR-SVR-,0.001984234817635047,0.0066931617201309145,254.50224934375734,-189.46493137310458,7.771876050187002e-05,0.046164943738110795,7.771876050187002e-05,0.008815824436878835,1.053362752621697,1.2836968898773193,0.2521324718297641
SVR-MLP-,-0.0014798999761027828,0.01980152988087056,342.82619180745064,-123.77698514410021,0.0006614110349684904,494.1624831222982,0.001400544397743706,0.02571791272573438,0.6843753120747655,4.5867462158203125,0.6287831275925532
SVR-RFR-,-0.00016408912023649228,0.020719992066118006,227.67383189255068,-84.43539602122542,0.0007116679085995133,0.42273073770811087,0.0007116679085995133,0.026677104576762322,0.736377110890795,31.353830575942993,0.5543834167467887
SVR-SVR-,-0.008856558463778195,0.025169941309766575,326.013909710657,-138.1823164880172,0.0010448835350229389,0.6206608198036256,0.0010448835350229389,0.03232465831254739,1.0811620271759979,1.5267481803894043,0.6042345132125054
