model,MFE,MAE,MAPE,MPE,MSE,SSE,SMSE,RMSE,NMSE,TRAINING_TIME,Score
MLP-MLP-,0.0002989338820947017,0.048820857424442206,129.10586101151924,-87.71103997062102,0.004025357169234102,1112.3320281981942,0.004005098596827102,0.06344570252770554,1.0255061019751432,2.834122896194458,0.6764406907048143
MLP-RFR-,0.0013172916840991497,0.04637356684416729,132.11091039470026,-82.81383175958783,0.0038145150557174524,2.0102494343630974,0.0038145150557174524,0.06176176046484955,0.9717916451271315,54.16235089302063,0.6077116521520585
MLP-SVR-,-0.004003271385504824,0.04788163610734983,132.69100441332927,-80.60633074181197,0.00396087321628826,2.087380184983913,0.00396087321628826,0.06293546866662915,1.0090780722512562,90.81054019927979,0.6145514507204517
RFR-MLP-,0.0012148852234265433,0.013663153118713611,196.6199705931131,-69.33702706653082,0.0003994580212879007,141.08547318299378,0.00039986133269562566,0.019986445939383538,1.0037470062680889,3.3158178329467773,0.2227871344950488
RFR-RFR-,0.000852209270719642,0.01362407048402567,270.2493621858166,23.134296237277933,0.00042499515846669236,0.2524471241292153,0.00042499515846669236,0.020615410703323192,1.0679160143386397,74.7172155380249,0.31532471439024545
RFR-SVR-,-0.008275504936881228,0.015618920717821715,1042.1953690305036,-515.0636141999987,0.00047371287241493515,0.2813854462144715,0.00047371287241493515,0.021764945954790126,1.1903325310232054,8.148995637893677,0.2178769980153435
SVR-MLP-,-0.006649547640216327,0.045717056794266325,222.06792129783764,-70.40982704441535,0.004049101908953877,1428.4617156048805,0.004048514651579999,0.06363255384591976,1.093079200370382,6.579245090484619,0.6671335210927619
SVR-RFR-,-0.0027229583948082726,0.03932786895031662,176.54799036851287,-59.9936666129673,0.0033814721982651876,2.0085944857695215,0.0033814721982651876,0.0581504273265914,0.9128485796766082,46.75382971763611,0.4997801720450945
SVR-SVR-,0.0023311731394190607,0.046980062720690004,191.7160928220997,-73.79476174167414,0.0038767482044207552,2.3027884334259285,0.0038767482044207552,0.06226353832236613,1.0465512902885605,133.29911017417908,0.7193777593280829
