model,MFE,MAE,MAPE,MPE,MSE,SSE,SMSE,RMSE,NMSE,TRAINING_TIME,Score
MLP-MLP-,-0.003038236607296888,0.013579628169652249,468.9564876700092,-140.85104582959642,0.00041066668363853176,193.23868740447696,0.0006957814538794183,0.02026491262351091,0.7819362042188064,6.715107440948486,0.3636329730439102
MLP-RFR-,-0.0014019534350582167,0.013833188760118093,312.214693287456,45.979159284008134,0.00042248870982508537,0.22265155007782,0.00042248870982508537,0.0205545301533527,0.8044461146906908,31.685500383377075,0.4247145343634077
MLP-SVR-,-0.010503275130204399,0.017449585537736158,482.513722523437,-220.7898176696742,0.0005914570433337974,0.3116978618369112,0.0005914570433337974,0.02431988987092247,1.1261728643903903,2.204646348953247,0.33632681745040827
RFR-MLP-,-0.0003689425279401644,0.0069554919647889105,100.96085620430513,-99.60671670721128,9.946752041670563e-05,35.22143906356778,9.982382484657965e-05,0.009973340484346538,0.9984035096229407,8.272445440292358,0.20636284165858765
RFR-RFR-,-0.0005486020519960792,0.007082345498994195,154.8669486065342,-94.2475400406884,9.701979983473593e-05,0.05762976110183315,9.701979983473593e-05,0.00984986293481975,0.9738345567690156,51.48356223106384,0.29469125736554724
RFR-SVR-,-0.0052942537539699625,0.00833473087412317,315.89039823375373,-77.17267230614043,0.0001276556960936752,0.07582748347964306,0.0001276556960936752,0.01129848202608099,1.2813418336894542,1.1021265983581543,0.2660500365091853
SVR-MLP-,0.0006175556827713284,0.02347733704209246,541.1406914353195,-107.36647315202985,0.0009461094174404136,654.0095245777798,0.0018535793529508887,0.030758891680949977,0.7486842426592794,4.742915868759155,0.6843487505157702
SVR-RFR-,-6.35742990752487e-05,0.022816442790040487,307.36849108906114,36.132800230335896,0.0009167994801318308,0.5445788911983075,0.0009167994801318308,0.030278696803723748,0.7254904261600906,28.07960271835327,0.5604897676461907
SVR-SVR-,-0.0030597658691183306,0.02829863960530547,99.83706858895609,-99.74917909894077,0.001274254494992637,0.7569071700256264,0.001274254494992637,0.035696701458154886,1.0083551056068303,2.3285584449768066,0.5327549746451539
