model,MFE,MAE,MAPE,MPE,MSE,SSE,SMSE,RMSE,NMSE,TRAINING_TIME,Score
MLP-MLP-,-0.0029440320102466114,0.013409386341905236,513.7809712656953,-146.32632960568117,0.0004057446098135804,153.57736020004415,0.0005529755992353847,0.020143103281609325,0.9326544020125331,3.0998072624206543,0.2688701541132195
MLP-RFR-,8.96766493920599e-05,0.012824282741046087,200.9092355977383,-44.28413889696727,0.00037508411084075024,0.19766932641307539,0.00037508411084075024,0.01936708834184298,0.8621774353609019,30.03003978729248,0.2996123088755244
MLP-SVR-,-0.0005649284546315767,0.014100665945458292,233.90108370093157,-13.202657235337842,0.00042761612613369054,0.2253536984724549,0.00042761612613369054,0.020678881162521597,0.9829287999497276,3.326416015625,0.3037761270121061
RFR-MLP-,-0.0004152037505541949,0.006497228483664971,100.0452886086223,-100.0452886086223,9.142350212566522e-05,32.257502796011224,9.142350212566525e-05,0.00956156379080667,1.0018892280686462,2.3691906929016113,0.12295775369064052
RFR-RFR-,-0.0005891508104330752,0.006721304758883171,192.51143327040273,-133.45374993364314,9.235292101384013e-05,0.05485763508222104,9.235292101384013e-05,0.009610042716546068,1.0120745168704912,57.827061891555786,0.21252888628962116
RFR-SVR-,-0.007430877149925148,0.009433676773851764,778.216835173062,-184.90504386738053,0.00014646904318847066,0.08700261165395157,0.00014646904318847066,0.012102439555249622,1.6051207097092193,1.8387339115142822,0.22898656030012302
SVR-MLP-,0.0008385600904363173,0.02647703507407191,377.74218704697,-55.69277901329174,0.0011653686991263195,634.8922299983034,0.0017993975387950872,0.0341374969663319,0.8923548341542689,6.329773902893066,0.6404332653784311
SVR-RFR-,1.567951664097394e-05,0.02591017149611512,278.3090340044131,-60.99987573640523,0.0011239752279407012,0.6676412853967765,0.0011239752279407012,0.033525739782153965,0.860658715884914,33.519136905670166,0.5140891121222324
SVR-SVR-,0.007021218983971991,0.03008231322465093,170.58885828994218,-52.198232231002784,0.0014026551620772271,0.833177166273873,0.0014026551620772271,0.03745203815651729,1.0740515988368582,3.0608713626861572,0.5954315362250603
