model,MFE,MAE,MAPE,MPE,MSE,SSE,SMSE,RMSE,NMSE,TRAINING_TIME,Score
MLP-MLP-,0.004765761292330304,0.02769246900246572,329.737816030458,-136.36420443918234,0.001521544611872235,434.80200595250216,0.0015655621341397626,0.03900698157858712,1.0077658839169539,3.8259761333465576,0.351784551810105
MLP-RFR-,0.00043570617466615963,0.023837834471247685,215.23960706304277,-133.9239554884071,0.0013253695721445347,0.6984697645201698,0.0013253695721445347,0.03640562555628642,0.8778331098326206,39.1914267539978,0.3055969119546049
MLP-SVR-,0.012479003782678104,0.030799553540760097,525.0435771403342,-171.03336086621047,0.0016762011065192051,0.8833579831356211,0.0016762011065192051,0.04094143508133545,1.110199646170971,62.61228084564209,0.4607538638415526
RFR-MLP-,-0.0007203147713365784,0.01272198650352406,145.88106890169607,-95.1271874314607,0.0004002776803070422,140.24993835588313,0.0003974932783386138,0.02000694080330729,1.0198868779573484,3.3350400924682617,0.14426986764093833
RFR-RFR-,0.0004706712457260259,0.01247297258090161,578.4514748827472,367.97558153866,0.00041521905978561107,0.24664012151265297,0.00041521905978561107,0.02037692468910878,1.0579567420004412,81.19696736335754,0.31802235252637184
RFR-SVR-,-0.02286826078677809,0.026826516546154575,1364.3756725155888,-715.6899913343568,0.0009143010445017871,0.5430948204340615,0.0009143010445017871,0.030237411339296014,2.329591889996933,2.835932970046997,0.3017431633139533
SVR-MLP-,-0.005072092005633044,0.0410945579489142,304.2990433953499,-98.7309652261953,0.003413811788925,1455.5727456322832,0.004125352134227469,0.05842783402561659,0.9865293993359964,5.9652557373046875,0.6146790614998527
SVR-RFR-,-0.004496057763752655,0.03819113882334633,152.93157757280778,-44.13376598780368,0.003689786405292199,2.1917331247435663,0.003689786405292199,0.06074361205338549,1.0662810345608684,36.36113953590393,0.5466331533363257
SVR-SVR-,-0.0026978802459567664,0.04293491738308814,101.85508404815849,-101.38604430431866,0.003479990863736674,2.0671145730595843,0.003479990863736674,0.058991447377875664,1.0056539460184986,66.62984466552734,0.5761002040911158
