model,MFE,MAE,MAPE,MPE,MSE,SSE,SMSE,RMSE,NMSE,TRAINING_TIME,Score
MLP-MLP-,-0.003329053872850714,0.012467323583906934,1294.308635154871,389.268960681355,0.0003404769739154461,101.41834844193404,0.00036517017827426753,0.01845201815291341,1.0608346329004807,3.1033849716186523,0.338496552678252
MLP-RFR-,-8.161577383017418e-06,0.01182504106646317,628.4852703950177,-559.49950446813,0.00032779356466623765,0.17274720857910725,0.00032779356466623765,0.018105070137015147,1.0213165426164899,33.93602395057678,0.32432441467137946
MLP-SVR-,0.008347529318827181,0.014934965157372419,2492.6479154660487,-2178.190149930024,0.0003896290144571656,0.20533449061892628,0.0003896290144571656,0.019739022631760816,1.2139791650688545,1.5790765285491943,0.4219302743785221
RFR-MLP-,-0.0009839049141631348,0.006707822831324145,122.92123190355464,-112.63161668621362,9.372916899482314e-05,33.06131704840343,9.370165473025267e-05,0.009681382597275202,1.0108744825598428,3.446765899658203,0.16522982311824116
RFR-RFR-,-0.0006360394783478121,0.006781934340826025,152.7999272106863,-108.85043505262233,9.33187898984735e-05,0.05543136119969325,9.33187898984735e-05,0.009660165107205647,1.0064485203847302,54.305859327316284,0.25859874537906585
RFR-SVR-,0.004268893206011247,0.007903392587193511,403.09726482583505,2.935864285425641,0.0001109443266346033,0.06590093002095436,0.0001109443266346033,0.010533011280474512,1.196540948590925,1.1868481636047363,0.2679758195206527
SVR-MLP-,0.00031696764614625264,0.0217923430659662,352.49256707678006,-129.93667342349522,0.0008379897152882377,559.2443802385834,0.0015849980734352032,0.028948052011978937,0.7633746514582274,4.527688026428223,0.5376269438619163
SVR-RFR-,-0.0005512201016489766,0.022078733917848387,282.3113680569247,-172.8304248003363,0.00083843284981556,0.49802911279044265,0.00083843284981556,0.02895570496146761,0.7637783290442075,33.30485916137695,0.43145469775021805
SVR-SVR-,0.008666498764908331,0.028183271582298112,206.1706718954027,-181.67478804326745,0.0012317880200433428,0.7316820839057456,0.0012317880200433428,0.03509683774990765,1.122108939186172,1.820514440536499,0.6385222931815276
