model,MFE,MAE,MAPE,MPE,MSE,SSE,SMSE,RMSE,NMSE,TRAINING_TIME,Score
MLP-MLP-,-6.71792238801093e-05,0.012800989595547053,282.3302703970913,-58.469436228798465,0.0003587563625340454,98.90252314845122,0.0003561116165342878,0.01894086488347471,1.025916393704175,3.2396769523620605,0.30236125156762056
MLP-RFR-,-0.00042274630095508745,0.012807250208021917,640.7711513546163,-187.65472954434824,0.00036721362689542123,0.19352158137388698,0.00036721362689542123,0.019162818866112083,1.0501011805409581,33.650339126586914,0.33371569582057875
MLP-SVR-,-0.0009406093403059694,0.01255328050421705,265.6855986437514,-67.72466703224282,0.0003509407780451809,0.18494579002981035,0.0003509407780451809,0.01873341341147365,1.0035665844997592,1.9450721740722656,0.2695500075616234
RFR-MLP-,-0.0011491905875613561,0.006589860969007895,123.52547015666602,-90.75361863300911,7.879713949782182e-05,27.988403535599616,7.932411527054954e-05,0.008876775287108592,1.0143787555668953,2.9274048805236816,0.1397499593895732
RFR-RFR-,-0.0006267682789252901,0.006709986862080118,142.93555236947643,-87.93964337904244,8.042932993081554e-05,0.04777502197890443,8.042932993081554e-05,0.008968240068754602,1.035390423132748,56.60085988044739,0.239085108239575
RFR-SVR-,-0.02002264635723116,0.02020517259349906,1211.9440782215759,141.48015609430604,0.00047858656210881563,0.28428041789263647,0.00047858656210881563,0.02187662135954306,6.16098559410775,1.8355755805969238,0.4901105687656628
SVR-MLP-,-0.0012774530263136492,0.02123263538464985,369.19505767846215,-93.87302729356995,0.0007539397856001432,544.8138451635591,0.0015440993695755509,0.027457963974048462,0.6793423129636671,4.049078464508057,0.5682178686178936
SVR-RFR-,-0.0001792409458894513,0.022615017047815676,285.35962286064614,-170.38768369801207,0.0008378448973265294,0.4976798690119585,0.0008378448973265294,0.028945550561813978,0.7549455557668113,30.42686891555786,0.4655246433672741
SVR-SVR-,-0.0022922299740901126,0.025846104653931428,99.92951419085931,-99.05801706296018,0.001113409796693171,0.6613654192357435,0.001113409796693171,0.03336779580213789,1.0032450880143622,1.6255168914794922,0.49238635493567867
