model,MFE,MAE,MAPE,MPE,MSE,SSE,SMSE,RMSE,NMSE,TRAINING_TIME,Score
MLP-MLP-,-0.006462395168170661,0.034112911960426234,240.34159774725197,-74.94715587691238,0.0020871309020566737,576.0050111439529,0.0020739822313980637,0.045685127799500284,1.032675400839196,2.437502384185791,0.3092105791725447
MLP-RFR-,-0.00016507202376363984,0.03107027553702926,167.34414008656236,-93.61235140953866,0.0020132599315695627,1.0609879839371594,0.0020132599315695627,0.0448693651790346,0.9961253531239395,52.92484188079834,0.32149191598419485
MLP-SVR-,0.0014513471053798775,0.03454400198990946,137.39245985168444,-96.39028463562302,0.0020487097278184415,1.0796700265603187,0.0020487097278184415,0.04526267477534267,1.0136652843831166,78.56759285926819,0.3642109836593083
RFR-MLP-,0.001498697109260965,0.015920888982717527,132.04913729492557,-97.55415115850927,0.0006251708366100824,220.85459988513563,0.0006259412301611389,0.025003416498752373,1.0221507576467843,5.158825397491455,0.13108104403516757
RFR-RFR-,0.001706394884403341,0.015894974708527663,145.8316328965069,-107.89102517620677,0.00063033264013509,0.3744175882402434,0.00063033264013509,0.025106426271675742,1.0305902770148334,81.22737121582031,0.20518516841207365
RFR-SVR-,-0.027230697539417474,0.03281124434244957,804.9099027247754,-147.84965317453313,0.0013553184191596717,0.805059140980845,0.0013553184191596717,0.03681464951835983,2.215937897085135,4.832979440689087,0.3095738371564897
SVR-MLP-,-0.0005268723817419391,0.050583265593610975,328.0934059412197,-50.8179451367375,0.0049413956250354205,1787.0387085972668,0.0050647856471484395,0.0702950611710056,1.03513888085862,3.794240713119507,0.652424422034953
SVR-RFR-,0.002436843581429079,0.04562127177709262,400.9132191397291,152.66255752248543,0.0047418436562720045,2.816655131825571,0.0047418436562720045,0.06886104600042033,0.9933361155482798,41.40857791900635,0.6504485924120346
SVR-SVR-,0.0037989604147710657,0.05157612857251499,104.70892714011224,-97.12068777198915,0.004790189127665853,2.845372341833517,0.004790189127665853,0.06921119221387428,1.0034636748353085,90.70162272453308,0.6057649781693094
