model,MFE,MAE,MAPE,MPE,MSE,SSE,SMSE,RMSE,NMSE,TRAINING_TIME,Score
MLP--,-0.0013721864429329111,0.01669517530270914,47.569205431219466,16.69645462735501,0.0004813975395389708,3919.4386157580284,0.019528452924495916,0.02194077344896872,0.04745079395672453,5.953771114349365,0.46546752134230784
RFR--,3.1920020786184236e-05,0.014413050307802155,5.472546336521958,0.370231796844904,0.0003917075841221167,0.17548499768670828,0.0003917075841221167,0.019791603879476687,0.038610159668172196,25.542008876800537,0.10797546408823629
SVR--,0.016233139694641133,0.026181981622856548,11.660925891001941,8.75251962461232,0.0010224809806993844,0.45807147935332426,0.0010224809806993844,0.03197625651478585,0.10078475761696007,8.81524920463562,0.5839543782891387
