model,MFE,MAE,MAPE,MPE,MSE,SSE,SMSE,RMSE,NMSE,TRAINING_TIME,Score
MLP-MLP-,0.0006096623524947313,0.012178201668855028,116.20476588252484,-98.23391125061795,0.00030024586374613823,84.48861398263682,0.0003042124300402076,0.0173276040971087,0.9919939529813093,3.753448486328125,0.20002922869232137
MLP-RFR-,-0.0004761835523536903,0.01183439161361608,178.17790168080248,-111.02800952975667,0.00029531088476298934,0.15562883627009538,0.00029531088476298934,0.017184611859538443,0.975689084536851,30.75593066215515,0.2629119225734914
MLP-SVR-,0.0008567036140404794,0.012253466640662703,131.27148758006433,-107.75892867893594,0.0002958308806303029,0.15590287409216963,0.0002958308806303029,0.017199734900000724,0.9774071190486818,1.408036708831787,0.17865686913711823
RFR-MLP-,-0.0005676464337176018,0.0065395291735306825,107.72245964899301,-100.22509168865426,7.5409142895096e-05,26.474651827224967,7.503387360480498e-05,0.008683843785737742,1.017767171104893,3.0809547901153564,0.0834301203277554
RFR-RFR-,-0.0005340898700227051,0.006532282484810434,131.58306567497434,-108.4051483512457,7.530807831943913e-05,0.04473299852174684,7.530807831943913e-05,0.008678022719458571,1.0164031427746902,59.40821290016174,0.1881498869807253
RFR-SVR-,-0.0005015515430415682,0.0064706634114036635,103.13091388509498,-100.18078629387705,7.434427872669394e-05,0.044160501563656196,7.434427872669394e-05,0.00862231284092,1.0033951234900138,1.342559814453125,0.06730026499642362
SVR-MLP-,0.001897566359032763,0.022167236942970642,197.2749508101727,-66.40443296356617,0.0007965005390907558,490.41923931494176,0.0013899353788018845,0.02822234113412202,0.7549466588943329,6.194939136505127,0.5787667972841389
SVR-RFR-,0.00013472289643522628,0.022587472506030166,142.94538507980576,-38.178933243759325,0.0008600581086451375,0.5108745165352117,0.0008600581086451375,0.02932674732467168,0.8151883943704935,34.43330788612366,0.48247811170167487
SVR-SVR-,0.01671428436016076,0.02980628217160214,100.01085534962586,-100.01085534962586,0.001334409442341274,0.7926392087507168,0.001334409442341274,0.03652956942452613,1.2647925527364992,1.290318489074707,0.6110552850142666
