model,MFE,MAE,MAPE,MPE,MSE,SSE,SMSE,RMSE,NMSE,TRAINING_TIME,Score
MLP-MLP-,-0.0024453663783436733,0.03137449238153223,183.676752399451,-68.20877113563226,0.0022151329870288344,609.5763330806157,0.0021948602165442416,0.0470651993199735,1.0309056620122166,2.1873064041137695,0.4377526292039583
MLP-RFR-,-0.0008054413977329806,0.02898648714863602,240.15906114211685,-172.860122803641,0.0020414534788197524,1.0758459833380096,0.0020414534788197524,0.045182446578508256,0.9500765698373054,42.34909129142761,0.41611814635632155
MLP-SVR-,0.005243713804346333,0.032528885989357686,141.83048648394177,-120.88209562116714,0.002188597418984097,1.153390839804619,0.002188597418984097,0.04678244776605962,1.0185562150479859,35.520561933517456,0.4635031711493453
RFR-MLP-,-0.0012145492768727505,0.010516337828993744,151.21601313568408,-60.608728699286665,0.0002709387348531152,95.55543266063857,0.00027082109722544913,0.01646021673165682,1.0076804411551026,2.284493923187256,0.10051945457702302
RFR-RFR-,7.361085850239165e-05,0.010732970515353709,147.54019741885182,-83.44670216217914,0.00028218413483013436,0.1676173760890998,0.00028218413483013436,0.016798337263852468,1.0495045443640867,59.60124588012695,0.2016725219756586
RFR-SVR-,-0.01268455922247228,0.015730290147306203,1028.4118729388629,440.63822771022785,0.00042977170914796877,0.25528439523389346,0.00042977170914796877,0.020730936041287878,1.5984150280504945,3.5259506702423096,0.3430690955233423
SVR-MLP-,-0.0037697628750043557,0.03399072366379868,455.8711638625038,-176.7416258332367,0.0024450190002204397,1179.5498651066216,0.0033430541812814497,0.0494471333872899,0.9168791755098465,5.918325662612915,0.5452133447354768
SVR-RFR-,-0.002820574649005829,0.030236262854971756,256.2963290578896,-163.59736445042296,0.002289485864661683,1.3599546036090397,0.002289485864661683,0.04784857223221695,0.858554437304247,36.86686134338379,0.4184254163440242
SVR-SVR-,0.011248506528995287,0.04015926468449235,101.43458047059161,-101.43458047059161,0.0028051366216557748,1.6662511532635302,0.0028051366216557748,0.052963540493964095,1.0519228491166481,58.81898903846741,0.6195892111752082
