model,MFE,MAE,MAPE,MPE,MSE,SSE,SMSE,RMSE,NMSE,TRAINING_TIME,Score
MLP-MLP-,-0.0020658209895375117,0.012469706987956386,142.01336919581857,-103.61215954234679,0.00035333475116582595,99.53621095600435,0.0003583932933039198,0.01879720062046011,1.015291664348532,3.204568386077881,0.28252477801598586
MLP-RFR-,-0.0006874720563257569,0.012347923609058816,227.66861957568773,-168.15699205248865,0.0003562013017720562,0.1877180860338736,0.0003562013017720562,0.018873295996514657,1.0235285697939656,43.97155976295471,0.3103481302005276
MLP-SVR-,-0.0064205452062373455,0.01336521682152278,258.1443443139878,-154.2170987270988,0.0003891468746225998,0.2050804029261101,0.0003891468746225998,0.019726805991406714,1.118196205462346,1.1475470066070557,0.23301106716513295
RFR-MLP-,-0.0006803451715874984,0.006800397897825529,113.17766057322028,-102.39618495863026,8.236124847171616e-05,29.034278379651465,8.228831065892218e-05,0.00907530982786352,1.0140216932699457,2.4706616401672363,0.1740701811767508
RFR-RFR-,-0.000509928821354591,0.006896990269851548,141.90080191794374,-108.90887305822739,8.50433809074375e-05,0.05051576825901787,8.50433809074375e-05,0.009221896817219194,1.0470437822318244,57.39057421684265,0.26846503805990174
RFR-SVR-,-0.01748393191710591,0.017732518681657466,1124.5789925862528,-212.7536920279276,0.0003869102485491024,0.22982468763816682,0.0003869102485491024,0.019670034279306744,4.763592012716867,1.0415189266204834,0.3336213435880928
SVR-MLP-,-0.0004883066256621848,0.024316635176434818,295.3147231310417,-85.1918380471724,0.0009903356668898697,647.7482606304698,0.0018358338169304428,0.031469599090072145,0.7813700383281766,4.456366777420044,0.6395790162189336
SVR-RFR-,-0.00034701486562147346,0.025078114391901853,159.08641348728537,-68.19554145934013,0.0010294627798735933,0.6115008912449145,0.0010294627798735933,0.032085242400106524,0.8122411407169012,32.92312788963318,0.5531051339053248
SVR-SVR-,0.0023139810002548917,0.02811782461849046,119.58083471696428,-100.01652024426755,0.0012840067767595504,0.762700025395173,0.0012840067767595504,0.035833040294671485,1.0130751197935182,2.9475553035736084,0.5564622981974562
