model,MFE,MAE,MAPE,MPE,MSE,SSE,SMSE,RMSE,NMSE,TRAINING_TIME,Score
MLP-MLP-,0.0020800172666362994,0.05906639265238921,129.4569801470211,-100.66255966040794,0.005295693157647483,1439.806835709214,0.005184214956699567,0.07277151336647798,1.0346553385693784,2.4247989654541016,0.6476442945953245
MLP-RFR-,0.0031039407974695686,0.05848864760230988,163.81791850496737,-84.09213254915198,0.005245883567216034,2.7645806399228503,0.005245883567216034,0.07242847207566948,1.0249237024798834,48.57533311843872,0.6206344007118015
MLP-SVR-,0.008641232153930242,0.05962438807573651,151.71760157090748,-73.62499408029129,0.005202719589472475,2.7418332236519944,0.005202719589472475,0.07212988000456173,1.0164904646247463,78.4819962978363,0.675279348848254
RFR-MLP-,-0.0012978625110453613,0.013660691071441938,111.13265727127373,-91.71590376937844,0.0003677677838040416,130.23592987568063,0.0003691117966298241,0.01917727258512121,1.0019836700406302,2.867027997970581,0.1259432766066879
RFR-RFR-,-0.000550967307718481,0.013642829222881321,141.01699429440006,-119.12173450053365,0.00037318728881466004,0.22167324955590806,0.00037318728881466004,0.019318056030943175,1.016749116497562,57.15108633041382,0.15205166193637018
RFR-SVR-,-0.007896774931674013,0.01484520217668025,266.0186769499722,-32.172750799196024,0.0004282653939031679,0.25438964397848174,0.0004282653939031679,0.02069457402081927,1.1668094651899645,3.0314247608184814,0.30829565590960184
SVR-MLP-,0.003607736504277718,0.046092263994880235,148.3693983129581,-111.44359066963109,0.0034211417097448913,1201.321739446012,0.0034047595467753067,0.058490526666673905,1.019503693185337,3.7389919757843018,0.5067576217099001
SVR-RFR-,-0.0030035053166335875,0.03865530642874705,162.75920974385875,-114.76806090402336,0.0029429993911228515,1.748141638326974,0.0029429993911228515,0.054249418348244545,0.8770167981482649,41.96176338195801,0.3222378930374079
SVR-SVR-,-0.0009534631785335741,0.045472976841874714,193.52200003249246,-121.7816267968476,0.0033954438147331305,2.0168936259514796,0.0033954438147331305,0.0582704368846942,1.0118456944544008,151.55522775650024,0.5074899735089331
