model,MFE,MAE,MAPE,MPE,MSE,SSE,SMSE,RMSE,NMSE,TRAINING_TIME,Score
MLP-MLP-,-0.0005619923775746737,0.013966785867493026,424.9299427215993,-113.81825918712039,0.00041492408030530624,150.98517935329065,0.0005436421092262265,0.0203696853266148,0.9547779882739471,5.520931005477905,0.34488263947953424
MLP-RFR-,-5.3837584095847454e-05,0.013917489621363648,215.5230512860296,-115.66030590009105,0.0004169429562105627,0.21972893792296655,0.0004169429562105627,0.020419181085698877,0.9594236050672101,39.18716025352478,0.35900536763461843
MLP-SVR-,-0.0024763797462464387,0.014333704007609735,221.52273616784046,-87.08131575603845,0.0004339740834643525,0.22870434198571377,0.0004339740834643525,0.020832044629952973,0.9986137754845211,2.986192464828491,0.30348648076508383
RFR-MLP-,-0.0006511170036129787,0.006677951298599307,190.7702691663795,-141.7259368832892,8.087089844071346e-05,28.501899681734002,8.077945470908297e-05,0.008992824830981279,1.0093039154846202,4.371714353561401,0.1922837825445989
RFR-RFR-,-0.0005031648342447458,0.006775532113697371,419.4137377435257,-319.8294242553645,8.165366364943296e-05,0.04850227620776318,8.165366364943296e-05,0.00903624167723689,1.01907316505769,73.56991577148438,0.28436827954273947
RFR-SVR-,-0.015166698983577885,0.015614653243272601,3301.4421623821527,-1877.5330992323877,0.0003101541763789521,0.18423158076909757,0.0003101541763789521,0.017611194632362454,3.870858747200313,2.1082849502563477,0.30160756256237076
SVR-MLP-,0.0012168179480997088,0.023648104585236536,368.4606220396108,-72.46493334476392,0.0009315446702459617,672.9845638348891,0.0019073579902132692,0.030521216722895594,0.7165180958457541,7.176816701889038,0.6226014258319996
SVR-RFR-,0.0003222721476877241,0.024458244266212934,202.8851266028581,-21.507888258897676,0.0009792544063303857,0.5816771173602491,0.0009792544063303857,0.031293040861034675,0.7532150899292358,40.93212652206421,0.5229502080636393
SVR-SVR-,0.0028411368770425373,0.028969779490357242,144.15773782298348,-72.21971742181128,0.001356263719072481,0.8056206491290536,0.001356263719072481,0.036827485918434356,1.0432001046153885,3.8622474670410156,0.5800203761284183
