model,MFE,MAE,MAPE,MPE,MSE,SSE,SMSE,RMSE,NMSE,TRAINING_TIME,Score
MLP-MLP-,-0.0013502864769321108,0.013186179874463848,629.0035563425008,348.9363817136713,0.0004017664016886011,114.07990368222842,0.0004107597826738598,0.020044111396831765,0.9998132049280687,2.234437942504883,0.2329140205833858
MLP-RFR-,0.00028648988870355596,0.012699136036821546,1319.1205380520266,1065.85924330622,0.0003912028680046892,0.20616391143847118,0.0003912028680046892,0.01977884900606426,0.9735253908562896,36.09605097770691,0.3254215841247234
MLP-SVR-,0.007398584153746046,0.01539267402504921,3245.7085146752183,2674.712642512142,0.0004563700452225536,0.24050701383228576,0.0004563700452225536,0.021362819224590972,1.1356967522156909,2.2760775089263916,0.4510508687646248
RFR-MLP-,-0.0007119780667459297,0.006408387794991245,195.89031440413086,-75.75557609041336,8.180565582791438e-05,28.881204064035423,8.185447081373619e-05,0.009044647910665974,1.0066993222442606,4.450732707977295,0.09026043896431671
RFR-RFR-,-0.0003333108058166717,0.006555741129632554,317.76311359031683,46.206834031987746,8.309808743178486e-05,0.0493602639344802,8.309808743178486e-05,0.009115815236816994,1.0226039685244694,59.835991621017456,0.194116578792761
RFR-SVR-,-0.013370686150382735,0.014093820000486106,2668.0546790182557,458.1909761133758,0.00026003650859016727,0.15446168610255936,0.00026003650859016727,0.016125647540181674,3.2000058468715205,2.5504558086395264,0.28429302198988426
SVR-MLP-,-0.0003335615701975628,0.021878181812014036,665.0121235674382,-142.93428259751468,0.0008172295067355381,724.0161798760486,0.002051990669534992,0.02858722628614987,0.5921719696199576,3.205279588699341,0.4745112636099966
SVR-RFR-,-0.0008609977058646603,0.021879872230640134,485.37679388935214,268.9192821986758,0.0008057021915433554,0.4785871017767531,0.0008057021915433554,0.028384893720839532,0.5838191716782235,27.40711808204651,0.3577795775650882
SVR-SVR-,0.003388308043870159,0.029646934796834327,103.7393370815928,-103.7393370815928,0.00139159970065883,0.8266102221913451,0.00139159970065883,0.037304151252358364,1.0083658615722952,10.002357721328735,0.4783829445713785
