model,MFE,MAE,MAPE,MPE,MSE,SSE,SMSE,RMSE,NMSE,TRAINING_TIME,Score
MLP-MLP-,0.0005090754704940981,0.013092966070062361,267.8885898789345,-105.54824935424571,0.0003635710314030584,111.99726469177497,0.0004032609655159345,0.019067538682353797,1.0300666838566943,3.9719552993774414,0.3282873330193928
MLP-RFR-,5.1877803547272454e-05,0.012720880574086628,204.43986588881708,-10.782181780184182,0.0003559660298103865,0.18759409771007368,0.0003559660298103865,0.01886706203441295,1.0085202511250833,31.304524898529053,0.35352181200085264
MLP-SVR-,0.004918919748536585,0.013963846723367757,266.18642894314263,-117.87466217567027,0.0003787004160936285,0.19957511928134222,0.0003787004160936285,0.019460226517017433,1.072931141613041,1.011465072631836,0.33248846193172243
RFR-MLP-,-0.0009053250712096156,0.006700891925435851,185.81366067215077,-133.17094406441964,8.0362245281603e-05,28.717853896496674,8.13915073759386e-05,0.00896449916512925,1.0180156034903936,2.669466018676758,0.17453471985936592
RFR-RFR-,-0.000633593777942688,0.006862287475909599,145.62004951069204,-89.21386634509328,8.351347058721534e-05,0.049607001528805914,8.351347058721534e-05,0.009138570489262275,1.057934803358264,55.602333545684814,0.2724651171539104
RFR-SVR-,-0.014738495596341043,0.015150943985520795,1831.7613103995327,-1162.9853441978732,0.00029616334433004164,0.17592102653204475,0.00029616334433004164,0.017209396977524855,3.751748158023423,1.067901611328125,0.3123660344165377
SVR-MLP-,-0.0021551539959788766,0.022590195911562635,510.95360733126194,-134.45239034714126,0.0008272002788181622,582.8222827536081,0.001651822044104366,0.028761089666738328,0.744229981493788,3.9715049266815186,0.6112120713841087
SVR-RFR-,-0.000567373072126344,0.022187880684541667,322.4812696490696,90.6266526536601,0.0008446717287343552,0.5017350068682069,0.0008446717287343552,0.029063236721575854,0.7599490004312276,31.057613849639893,0.5260259421769776
SVR-SVR-,0.0008068494016531801,0.02597697106220004,99.98901042214399,-99.98901042214399,0.0011121357611905917,0.6606086421472115,0.0011121357611905917,0.03334869954271968,1.0005857083994023,1.0671098232269287,0.5382411172219195
