model,MFE,MAE,MAPE,MPE,MSE,SSE,SMSE,RMSE,NMSE,TRAINING_TIME,Score
MLP-MLP-,0.0014028674165277003,0.011342509766445855,301.0445540355181,-106.86419370499512,0.0003064913453934395,117.33113055654427,0.00042246625507795103,0.017506894224660167,0.9165008376079373,3.7614142894744873,0.26772659134849514
MLP-RFR-,0.0007129890185396718,0.010925648142339798,185.16056218855056,-70.96720305550178,0.00029629520373895124,0.1561475723704273,0.00029629520373895124,0.017213227580525136,0.8860113229539041,32.15602922439575,0.2816022940674356
MLP-SVR-,0.004826174948135077,0.013411742103678265,272.81188497457487,-114.40542333427084,0.0003575642598999972,0.18843636496729851,0.0003575642598999972,0.01890936963253924,1.0692241351100293,2.134737253189087,0.3187563792175446
RFR-MLP-,-0.0005588009674437822,0.005907251618800806,122.39059913089956,-98.22375128417067,6.551932278554663e-05,23.019418747553363,6.524112830763688e-05,0.008094400705768565,1.0123163008749667,5.332786321640015,0.09513998918823394
RFR-RFR-,-0.0004895095249846182,0.006024192263737056,187.0366385214038,-129.5379620341104,6.686303072007962e-05,0.039716640247727295,6.686303072007962e-05,0.008176981761021582,1.0330774654888788,56.972551345825195,0.17481405119625143
RFR-SVR-,0.005748277365419717,0.007986716336548155,689.9009243992352,-137.60633624087092,9.776487755303608e-05,0.05807233726650343,9.776487755303608e-05,0.009887612328213322,1.510531168399314,2.1214189529418945,0.3239363614249862
SVR-MLP-,-0.0007524701101652779,0.019432874374744794,460.8802505501553,-100.09474209175086,0.0006478505765502505,552.2381216644617,0.0015651410900941562,0.02545290899976367,0.6325461829841871,5.347885608673096,0.5049962654106066
SVR-RFR-,-0.0006896822041599482,0.01962410813884585,227.44973257535221,-16.738267455621305,0.0006798568209076456,0.4038349516191415,0.0006798568209076456,0.026074064142508464,0.6637963329921328,28.049418210983276,0.42813072333291335
SVR-SVR-,-0.0009453861464158089,0.024953496337078423,101.74301119460334,-101.29874756596897,0.0010262384175642346,0.6095856200331553,0.0010262384175642346,0.03203495618171242,1.0019952398879097,2.9002013206481934,0.43771199420562806
