model,MFE,MAE,MAPE,MPE,MSE,SSE,SMSE,RMSE,NMSE,TRAINING_TIME,Score
MLP-MLP-,-0.00018587359197473746,0.011177104687019948,244.50776692415178,-94.30034184404364,0.0002812210536832288,86.75261747938647,0.0003123642740923219,0.01676964679661527,1.076130591577815,4.078412771224976,0.34517628936565103
MLP-RFR-,-0.0003504530215869322,0.010634280080036093,158.79346654077,-80.7249878213003,0.00025608216185404366,0.134955299297081,0.00025608216185404366,0.016002567351960862,0.9799332045705667,31.134358644485474,0.3236081750969898
MLP-SVR-,-0.00013918042539455542,0.011018849619719238,153.09256863189177,-77.19630155106384,0.0002574396789610648,0.13567071081248117,0.0002574396789610648,0.01604492689173325,0.9851279283237221,1.0830459594726562,0.28474071544734014
RFR-MLP-,-0.0004103746112302144,0.006189346878379073,332.27651784074374,-132.21729693036946,7.053996828499951e-05,25.030367731248486,7.094051551216e-05,0.008398807551372964,1.0255273588827762,5.5308520793914795,0.23788458781338356
RFR-RFR-,-0.000480264658189988,0.006152598891050656,552.7987989486815,-451.7298409527764,7.020579553496765e-05,0.04170224254777079,7.020579553496765e-05,0.008378889874856195,1.0206690734868122,70.5579936504364,0.3195177311203973
RFR-SVR-,0.0027116284763811496,0.006597137997710024,777.0376314657194,341.37433746259427,7.61370210749425e-05,0.045225390518515846,7.61370210749425e-05,0.008725653045757807,1.106898685022404,1.1097662448883057,0.39915825934828175
SVR-MLP-,-0.0006965532174651305,0.01921013514100438,382.03398749638126,-164.94496451255964,0.0006255746212808243,532.1953006089358,0.001508336169237084,0.025011489785313153,0.6325563099929964,3.197251796722412,0.5375061476277944
SVR-RFR-,-0.00020605681392358053,0.019665889679695393,143.77201709041518,-58.19046876222886,0.0006538955967221454,0.38841398445295433,0.0006538955967221454,0.025571382378005013,0.6611933600125214,28.776556253433228,0.40717518524139945
SVR-SVR-,-0.011526793995315277,0.026063868387718615,400.50607343072784,-215.69538428907995,0.0011218297194086713,0.6663668533287508,0.0011218297194086713,0.03349372656795107,1.1343498339122595,2.2067179679870605,0.5451612718525025
