model,MFE,MAE,MAPE,MPE,MSE,SSE,SMSE,RMSE,NMSE,TRAINING_TIME,Score
MLP-MLP-,0.0014525206678164119,0.01102331559124379,444.8992724363915,-103.50380053020703,0.00025296737897098723,69.47454161275482,0.0002501522765456788,0.0159049482542694,1.02454867194529,3.51078200340271,0.3637806803768545
MLP-RFR-,0.0003578767492034518,0.010984438735110277,572.6854185885472,-444.9398984576858,0.00025660399247158413,0.13523030403252484,0.00025660399247158413,0.016018863644827748,1.0392773992126987,34.44943070411682,0.3813611448016353
MLP-SVR-,-0.0023589046034512458,0.010828343655433888,120.50192003377502,-101.29675552519106,0.00025238829516325526,0.1330086315510355,0.00025238829516325526,0.015886733306858754,1.0222033120472265,1.3715062141418457,0.2696061877193553
RFR-MLP-,-0.0002978560679961571,0.006083017233425206,160.78422570059146,-115.14881900310934,6.942323047567189e-05,24.390609836724366,6.912732781440773e-05,0.008332060397985116,1.0092919507303766,3.842559814453125,0.21124006360039688
RFR-RFR-,-0.000480264658189988,0.006152598891050656,552.7987989486815,-451.7298409527764,7.020579553496765e-05,0.04170224254777079,7.020579553496765e-05,0.008378889874856195,1.0206690734868122,54.98761868476868,0.3210591845681861
RFR-SVR-,0.0027116284763811496,0.006597137997710024,777.0376314657194,341.37433746259427,7.61370210749425e-05,0.045225390518515846,7.61370210749425e-05,0.008725653045757807,1.106898685022404,1.3512263298034668,0.39969000677739863
SVR-MLP-,-0.0009135685840838626,0.019286532420073516,391.75013462919355,-165.96189674701014,0.0006341048400796803,539.257970110869,0.0015283530311840884,0.02518143840370681,0.6411817297962961,6.089568853378296,0.5474217266738368
SVR-RFR-,-0.00020605681392358053,0.019665889679695393,143.77201709041518,-58.19046876222886,0.0006538955967221454,0.38841398445295433,0.0006538955967221454,0.025571382378005013,0.6611933600125214,29.449994325637817,0.42128675834204976
SVR-SVR-,-0.011526793995315277,0.026063868387718615,400.50607343072784,-215.69538428907995,0.0011218297194086713,0.6663668533287508,0.0011218297194086713,0.03349372656795107,1.1343498339122595,1.4599320888519287,0.5448692517740062
