model,MFE,MAE,MAPE,MPE,MSE,SSE,SMSE,RMSE,NMSE,TRAINING_TIME,Score
MLP-MLP-,-0.0010173508509469192,0.012389524351941501,394.8125107946477,-73.39455310858618,0.0003628253070293576,116.99837145913516,0.0004212681119333421,0.019047973830026058,1.0465793314779008,4.486924648284912,0.29737824723516143
MLP-RFR-,-0.0002994204441875509,0.012052149799512144,268.9800600031445,-163.46114556554437,0.0003384075976876891,0.17834080398141217,0.0003384075976876891,0.018395858166655045,0.9761457938389252,32.14910125732422,0.2635768269647691
MLP-SVR-,-0.0038247254429186845,0.012510863976028734,128.55858687729992,-112.54655001932056,0.00036127121260254704,0.19038992904154228,0.00036127121260254704,0.019007135833747992,1.042096504412772,1.3713610172271729,0.20893855249987164
RFR-MLP-,-0.00038423280420358424,0.0060066762010359785,101.07385514374518,-99.1545179176221,6.738205669469061e-05,23.737879926299527,6.727737511563312e-05,0.008208657423396996,1.0041508497171379,3.980684518814087,0.1170065410636143
RFR-RFR-,-0.0005987651668880902,0.0060402903454028194,147.25129152970976,-111.53801810213795,6.71582965959483e-05,0.0398920281779933,6.71582965959483e-05,0.008195016570815969,1.0008162988840734,59.136444330215454,0.2061870588458748
RFR-SVR-,-0.01362531457415576,0.014062415141338859,1080.5168382196384,76.79629185463507,0.0002527527173121012,0.1501351140833881,0.0002527527173121012,0.015898198555562865,3.766608920936371,1.0843729972839355,0.39855711758919093
SVR-MLP-,-0.0025072819999736383,0.021452852482248614,288.9093762681265,-72.0538393645462,0.0007751761235510297,562.6766085158317,0.0015947256190293273,0.027841984906809888,0.6953922257008109,5.142411947250366,0.5417211936765758
SVR-RFR-,-0.0007241656268008841,0.02263083607366203,195.3963861273162,-52.071389150703865,0.0008541438963446454,0.5073614744287194,0.0008541438963446454,0.02922574030447553,0.7662323530128249,32.62885355949402,0.4698181800579332
SVR-SVR-,0.0050493768588122465,0.026869880430480966,106.73941003761394,-90.45576648826238,0.0011296930279059909,0.6710376585761586,0.0011296930279059909,0.033610906383285635,1.0134209828800549,2.806328296661377,0.513955610890904
