model,MFE,MAE,MAPE,MPE,MSE,SSE,SMSE,RMSE,NMSE,TRAINING_TIME,Score
MLP-MLP-,5.463404488242052e-05,0.012614442371838782,177.82423027101913,-88.75609396667639,0.000346246764610829,105.45468436293936,0.0003797035396481439,0.018607707129327595,0.9571904748697913,2.787574052810669,0.2571215458813557
MLP-RFR-,-0.0008880798829552365,0.01239020599272992,184.78188512111547,-51.83088705972505,0.00034719140727528707,0.1829698716340763,0.00034719140727528707,0.01863307294235943,0.95980191576395,33.06614136695862,0.3060607793407521
MLP-SVR-,-0.0037041053268603665,0.01330025577806782,235.4502265044337,-69.01033888410355,0.00037537048026870857,0.19782024310160942,0.00037537048026870857,0.01937448012899207,1.0377022545303791,1.6558270454406738,0.24452843520819184
RFR-MLP-,-0.0010706699755856678,0.006378239348355264,128.75665665224068,-92.19534819210944,7.36798681233831e-05,26.14666566361998,7.41043024623904e-05,0.008583697811746584,1.0160684393679749,4.15679669380188,0.11183175202975634
RFR-RFR-,-0.000397462932650561,0.0063597444409725775,131.5283265337675,-97.75940484994756,7.266818503493022e-05,0.04316490191074855,7.266818503493022e-05,0.008524563627243933,1.0021170129742967,60.43808674812317,0.20192072311863996
RFR-SVR-,-0.015815943448557582,0.01619327312897816,1046.6145386004578,44.9848230191001,0.00032265873770454895,0.19165929019650207,0.00032265873770454895,0.017962704075515718,4.449564968261082,1.5119917392730713,0.42990438863544134
SVR-MLP-,-0.002296809548831183,0.02186480962560629,317.6963590554356,-90.23152585451218,0.0008112195676537738,531.8583993573501,0.0015073813311491744,0.028481916502471772,0.7378955887706374,4.36084771156311,0.5452032271983558
SVR-RFR-,-0.0012499954306049925,0.022749189670586867,203.93621307865342,-56.418869216329014,0.0008702348272486992,0.5169194873857273,0.0008702348272486992,0.02949974283360279,0.7915766160308617,32.95520544052124,0.48230422973549275
SVR-SVR-,0.001454351599530753,0.026203977217072728,103.76531243145541,-101.53975292459288,0.0010944471988652991,0.6501016361259877,0.0010944471988652991,0.03308243036515454,0.9955230277800216,3.6160483360290527,0.4818441573004727
