model,MFE,MAE,MAPE,MPE,MSE,SSE,SMSE,RMSE,NMSE,TRAINING_TIME,Score
MLP-MLP-,0.0009167591562509116,0.011277904209359358,278.3276985227913,-107.51421538799046,0.0003024635768710513,94.29226674121662,0.00033951177853669087,0.017391480008068644,0.9975710372159518,3.6633591651916504,0.35217667342995423
MLP-RFR-,-2.3181962449900285e-05,0.010836247421591184,229.79861206487575,-132.44612568117773,0.000294888749002695,0.15540637072442026,0.000294888749002695,0.0171723250901762,0.972588098868337,30.76496458053589,0.341009265019976
MLP-SVR-,-0.007907135032223766,0.013146189235788076,421.0215734328296,-37.52708120855226,0.00036199718669315103,0.1907725173872906,0.00036199718669315103,0.019026223658234205,1.1939219681737014,1.3152847290039062,0.36626474420906546
RFR-MLP-,-0.001482619098908991,0.0061468462197779425,178.22607780386636,-53.33950589557316,7.109834154316947e-05,25.05266174262073,7.100370070690274e-05,0.008431983250882883,1.035596561370038,2.7698843479156494,0.2088935829119261
RFR-RFR-,-0.0006167634940516473,0.006077497998717145,156.74107568907715,-92.84778729916654,6.972587612309271e-05,0.041417170417117066,6.972587612309271e-05,0.008350202160612203,1.0156056524573767,62.511717319488525,0.2867654856690371
RFR-SVR-,0.005554077544383868,0.0080699379666992,619.16356862355,-343.424392935293,9.950225556574142e-05,0.059104339806050406,9.950225556574142e-05,0.009975081732283772,1.4493192313055316,1.2412612438201904,0.3235680538466259
SVR-MLP-,0.002919259412412873,0.020688188961509014,313.9685152800061,-98.3224435710724,0.0007150100918428306,476.4276365989597,0.0013502806873418804,0.02673967262033757,0.7353673552906577,3.4675941467285156,0.6364939792940747
SVR-RFR-,-0.0007918524133546348,0.02046038939980267,198.1741661509381,-41.565058807914504,0.0007088505840994201,0.42105724695505553,0.0007088505840994201,0.026624248047586622,0.72903247838355,30.53716468811035,0.49603674094043254
SVR-SVR-,-0.00399170271779283,0.024250241285977688,100.13664477929592,-100.13664477929592,0.0009888338702112387,0.5873673189054758,0.0009888338702112387,0.03144572896612891,1.0169872513056828,2.77024507522583,0.5229813300340374
