model,MFE,MAE,MAPE,MPE,MSE,SSE,SMSE,RMSE,NMSE,TRAINING_TIME,Score
MLP-MLP-,0.0018386827596075766,0.02081046722338934,223.42707199728068,-126.60299698774355,0.0009357274201319331,259.1339894073044,0.0009330462047798552,0.03058966198132848,1.0120256963654832,3.6438064575195312,0.3143122614895097
MLP-RFR-,-0.0011296180607352183,0.019279824794085295,269.8057138156714,-30.56678459603468,0.0009254468093265988,0.48771046851511757,0.0009254468093265988,0.03042115726474913,1.0009068148563105,47.54555535316467,0.36246650791587565
MLP-SVR-,-0.0008730446318019635,0.02045527025659315,153.23268105352028,-115.80287662462491,0.0009291500436423426,0.48966207299951453,0.0009291500436423426,0.03048196259498956,1.0049120071874988,34.189862966537476,0.3106339489526794
RFR-MLP-,-0.001942783931406378,0.009436536125875937,126.60888085151791,-102.89171487521355,0.0002305790918792191,81.44963681891477,0.00023084276213003994,0.015184830979606559,1.015546231694108,4.729198932647705,0.1417373512158438
RFR-RFR-,-6.389302439051529e-05,0.009220341697947412,153.80075172022143,-78.83724263473422,0.0002269223209270476,0.13479185863066628,0.0002269223209270476,0.015063941082168623,0.9994406085416347,96.77403616905212,0.2469638733002963
RFR-SVR-,-0.0357020389772577,0.0369054981126116,1837.5089418630726,-192.87761193395275,0.0015016717670958358,0.8919930296549264,0.0015016717670958358,0.03875140987236252,6.613856841427912,3.738459825515747,0.4834339566209658
SVR-MLP-,-0.004048214425077352,0.030064154932039972,398.45357351552786,-47.15958820753919,0.0019456927121366662,939.3842946927733,0.0026623822248658677,0.044110006938751056,0.9472786582552953,8.222530841827393,0.6112481010301757
SVR-RFR-,-0.0011137622796141991,0.026321876511088478,253.89135104408132,42.67335469370354,0.0018140923150367614,1.0775708351318363,0.0018140923150367614,0.042592162601079106,0.8832077765517998,48.83854532241821,0.532259959620277
SVR-SVR-,-0.01119159255154783,0.036693392204525284,334.03188688362826,-69.48078846707105,0.0023505047869743284,1.396199843462751,0.0023505047869743284,0.04848200477470304,1.1443651954591352,41.74735903739929,0.5618343222124914
