model,MFE,MAE,MAPE,MPE,MSE,SSE,SMSE,RMSE,NMSE,TRAINING_TIME,Score
MLP-MLP-,0.010740215853258097,0.14481645749396915,264.01088108540483,-69.38988485416868,0.04088056885539894,11809.316845566225,0.042521007332926075,0.2021894380411572,1.0275129019215812,2.238891839981079,0.6686738883931819
MLP-RFR-,0.0018506133602995672,0.1319131657036261,213.7218810843593,-19.19182651057557,0.03951809868418303,20.826038006564456,0.03951809868418303,0.19879159611055752,0.993267887270256,34.96204853057861,0.5297810716550535
MLP-SVR-,-0.010076017622637882,0.1295275672405401,155.14644354932008,-105.60419011331084,0.0394709525354172,20.801191986164863,0.0394709525354172,0.19867297887588337,0.9920828921126749,676.3217849731445,0.5329252453119393
RFR-MLP-,-0.00285400150578098,0.04593024165707427,473.58774618380465,-111.33249387128615,0.00531594192830076,1813.4691074323357,0.005139694099900055,0.07291050629573738,1.0797165983364323,2.5033013820648193,0.19442646787357915
RFR-RFR-,-0.0008223869484731615,0.04456928184940178,331.68707724586886,-253.7066038724687,0.005139796146824658,3.053038911213847,0.005139796146824658,0.07169237160831449,1.0439397733537932,57.73982858657837,0.09400192334360385
RFR-SVR-,0.028139182803650253,0.0621031152066026,1237.1355658065336,-33.428784359064586,0.00572000341463178,3.3976820282912774,0.00572000341463178,0.07563070417913469,1.1617851949133602,63.69499182701111,0.4247708592906324
SVR-MLP-,-0.017565785936100524,0.12633690753559426,306.0763712055926,-91.71329746729741,0.036179881250257805,12715.253115008509,0.03603728960482635,0.1902100976558758,1.1191827234161582,3.4018731117248535,0.60409252162555
SVR-RFR-,0.010205554547553732,0.11984693574316391,232.19347835093106,-112.17534882285011,0.032646142907990755,19.391808887346507,0.032646142907990755,0.180682436633976,1.0098706205271981,46.90170359611511,0.45767483115000446
SVR-SVR-,-0.014528646164464394,0.11451328153185611,100.36439873582223,-100.36439873582223,0.03257324339371965,19.34850657586947,0.03257324339371965,0.18048059007472148,1.007615558484476,861.2080943584442,0.48459435374499515
