model,MFE,MAE,MAPE,MPE,MSE,SSE,SMSE,RMSE,NMSE,TRAINING_TIME,Score
MLP-MLP-,-0.0012001462461876573,0.012513363596048448,1511.9752118306976,-279.9411881227321,0.00034934183376531143,102.1694597963045,0.0003678746540559484,0.01869068842406056,1.0021278995589338,3.5311598777770996,0.3534495902661513
MLP-RFR-,-0.0003581740861285361,0.0126045649095817,3237.1966927771787,-3077.8243969806435,0.00034742837426233103,0.18309475323624846,0.00034742837426233103,0.018639430631388156,0.9966389172290905,32.671406507492065,0.3682909808147111
MLP-SVR-,-0.0012447245075402945,0.012611942004834162,258.0355957478076,-222.7499692086479,0.00034893722171436574,0.18388991584347075,0.00034893722171436574,0.01867986139440991,1.00096722257851,1.3496649265289307,0.29218125454414595
RFR-MLP-,-0.0009552963214782895,0.006700921328976582,133.8055352669936,-100.98439396732661,8.11947132696857e-05,28.80189905674847,8.162970631326868e-05,0.009010810910771888,1.0175169891634697,3.449456214904785,0.19331498368422512
RFR-RFR-,-0.00047782893631828817,0.006760595173997981,153.87159438605346,-108.9656880656985,8.443975789769692e-05,0.05015721619123197,8.443975789769692e-05,0.009189110832811678,1.0581832826526523,52.2679078578949,0.2890878436936617
RFR-SVR-,-0.020087051595667173,0.02024501076978694,1283.2344774151625,-133.98030856692776,0.00048328655344032155,0.287072212743551,0.00048328655344032155,0.021983779325682868,6.056456867166294,2.2609951496124268,0.40734786455465183
SVR-MLP-,-0.0008825792835073784,0.02187770156933959,686.3398054906556,-45.35792506778219,0.0008172302680638019,577.5263797176842,0.001636812512662212,0.028587239602028768,0.694598511377472,2.80070424079895,0.6206470650679546
SVR-RFR-,-0.00016443224095336192,0.022993866086615255,589.9450690570324,320.9940277788777,0.0008669853661161523,0.5149893074729944,0.0008669853661161523,0.02944461523124648,0.7368874700604177,29.790553092956543,0.5495701504008372
SVR-SVR-,0.0012829382963240174,0.02677892182069059,99.9567330870175,-99.26760244501487,0.0011781964914315643,0.6998487159103493,0.0011781964914315643,0.03432486695431702,1.0013989459756938,2.126533031463623,0.5655056686472465
