model,MFE,MAE,MAPE,MPE,MSE,SSE,SMSE,RMSE,NMSE,TRAINING_TIME,Score
MLP-MLP-,0.000101645448528812,0.013127841507503455,228.409694170041,-98.6080199876777,0.0003620330218149208,107.76360637794023,0.0003880171187666403,0.01902716536468112,1.0348728114166634,5.010000228881836,0.31962797414774047
MLP-RFR-,0.00019708519304124204,0.012464736860104228,172.0479302522607,-109.57989385957711,0.00034771569613479777,0.18324617186303843,0.00034771569613479777,0.018647136405754043,0.9939466798602677,35.03684759140015,0.30739573641945933
MLP-SVR-,0.005011588024119424,0.013842006914563592,292.6446328181528,-99.99177656101577,0.00037879615624849687,0.19962557434295786,0.00037879615624849687,0.019462686254689943,1.082790296878249,1.39280366897583,0.32676051903559933
RFR-MLP-,-0.0008247529643953991,0.006615970780037134,118.04437335259004,-100.62876821489787,7.783758337809577e-05,27.263440169384854,7.726944010640879e-05,0.008822561044169418,1.0219166832319584,3.5103392601013184,0.15469097594819686
RFR-RFR-,-0.0006804352239777246,0.006594131493805337,132.60911842607675,-92.55559415416106,7.771388138951437e-05,0.04616204554537154,7.771388138951437e-05,0.008815547707857656,1.0202926204027434,61.36839175224304,0.2679387725980865
RFR-SVR-,-0.017528505953286932,0.017766126187189292,1056.873605267533,-126.2769027301397,0.00038341674939738717,0.22774954914204798,0.00038341674939738717,0.01958103034565309,5.033814718225421,1.8802237510681152,0.3566284319803126
SVR-MLP-,-0.0011453360082548333,0.021300206750560217,250.34461977131568,-97.73295824055766,0.0007581248311113492,545.5109395619469,0.0015460750591264692,0.02753406673761341,0.7101712764315142,5.208758592605591,0.5890452571456943
SVR-RFR-,-0.00020349969222146748,0.022333526081789432,139.96662029868753,-85.44349406773264,0.0008465854388982691,0.5028717507055719,0.0008465854388982691,0.029096141305992262,0.7930364988433065,33.30475664138794,0.533869683014126
SVR-SVR-,-0.0031083235776014494,0.0253687618989135,100.01798530262027,-100.01798530262027,0.00107718560422684,0.639848248910743,0.00107718560422684,0.032820505849648934,1.0090505469739321,2.009110927581787,0.504409061214889
