model,MFE,MAE,MAPE,MPE,MSE,SSE,SMSE,RMSE,NMSE,TRAINING_TIME,Score
MLP-MLP-,-0.0013530652754071377,0.01190970157149212,485.9801456420047,-62.366134527128835,0.00030395298684587153,114.40308572180645,0.00041192344235498074,0.01743424752737759,0.9431198188181815,5.92018985748291,0.4051818086441198
MLP-RFR-,-0.0006595642534209039,0.011782427446578637,317.46567116471164,-76.62152089500563,0.00029544378497874254,0.1556988746837973,0.00029544378497874254,0.017188478262450766,0.9167170615809794,30.793842792510986,0.3815942352013339
MLP-SVR-,-0.00423552626545823,0.013063340672300984,327.7642767707617,-5.68186470061659,0.00033731939275039074,0.1777673199794559,0.00033731939275039074,0.0183662569063593,1.0466506938322215,1.737921953201294,0.3557495860540439
RFR-MLP-,-0.000362687473225954,0.006307185991058654,144.05424684369427,-97.83922267529967,7.40440970518245e-05,26.253019691329897,7.440572869925375e-05,0.008604887974391328,1.0166499921903924,4.7946836948394775,0.2032137744509573
RFR-RFR-,-0.00031060559723114576,0.006290865830983588,178.8091212916979,-152.84482050613235,7.40404537697667e-05,0.04398002953924142,7.40404537697667e-05,0.008604676273385693,1.0165999687202836,47.3869891166687,0.2813764796799149
RFR-SVR-,0.0012616036410463536,0.006461307482729483,184.3853656580003,-138.18727588910846,7.442309766006023e-05,0.044207320010075775,7.442309766006023e-05,0.008626882267659635,1.0218537961497185,1.2201745510101318,0.2047124621989005
SVR-MLP-,-0.001230100492935842,0.018998498331098814,520.8522244089227,53.5192533064661,0.000609827853181009,589.5461383205193,0.0016708786470783007,0.024694692814064504,0.5735579013923481,6.013437271118164,0.635512807655474
SVR-RFR-,-0.0006206276613323653,0.01987042624232321,345.0937893600297,130.91204259610782,0.0006641615239744799,0.3945119452408411,0.0006641615239744799,0.02577133143581216,0.6246600378931484,28.597988605499268,0.5312125347490854
SVR-SVR-,-0.00942991926766079,0.026449163617488836,496.9982439749831,132.9757793775028,0.0011521601520961837,0.6843831303451331,0.0011521601520961837,0.0339434846781556,1.0836345953323128,1.4906408786773682,0.6618796734245321
