model,MFE,MAE,MAPE,MPE,MSE,SSE,SMSE,RMSE,NMSE,TRAINING_TIME,Score
MLP-MLP-,0.0021196298772797367,0.013690456417898204,264.7645985336639,-100.68294514832876,0.0003878053006810361,125.12597728195648,0.0004505326317451778,0.01969277280326557,0.9744984165356371,4.084806203842163,0.35646291170514
MLP-RFR-,-0.0005521261856805374,0.013505470441586823,250.96916118602076,-62.886372700564216,0.0003890581418408025,0.20503364075010294,0.0003890581418408025,0.01972455682241815,0.9776466244745667,40.42289185523987,0.3693528139161131
MLP-SVR-,-0.009130038984064724,0.015799148824695016,467.1734191995935,-66.47664192279221,0.000481067428365089,0.2535225347484019,0.000481067428365089,0.021933249379995867,1.2088526030082054,2.5967018604278564,0.3167362765899698
RFR-MLP-,-0.0008121089314466847,0.006569675298660815,146.41693922090008,-119.68738983249307,7.965603343162669e-05,28.117556819467673,7.969015865577116e-05,0.008925022881294294,1.0079709164978574,3.9877655506134033,0.19060701540646366
RFR-RFR-,-0.0006769840200281242,0.00676064563179172,223.69959450272043,-72.81826243080613,8.486371473936398e-05,0.050409046555182205,8.486371473936398e-05,0.009212150386275942,1.0738691425888465,74.53036379814148,0.2991717093685189
RFR-SVR-,-0.014589760647345247,0.014976031408077146,2190.2125757609238,-785.4144351275974,0.00029188723855241784,0.1733810197001362,0.00029188723855241784,0.017084707739742515,3.6935538299211177,2.0124268531799316,0.302272613031333
SVR-MLP-,-0.002964470663778669,0.02335598387452639,435.6706855744277,-172.1810501235121,0.0009382662369893653,585.1021090740254,0.0016582834775193728,0.030631131826776584,0.7587282552412427,4.046586990356445,0.6064678187319306
SVR-RFR-,-0.0007319540940785755,0.024239943895048886,232.8836000228817,-118.28778300179196,0.0009833277552941846,0.5840966866447457,0.0009833277552941846,0.03135805726275441,0.7951672166085847,41.67861008644104,0.5386240997642899
SVR-SVR-,0.001972317170877227,0.027726617860036624,173.04713657664985,-131.08688899766008,0.0012478304054828694,0.7412112608568244,0.0012478304054828694,0.035324643034047344,1.0090570768344944,3.7457001209259033,0.5760188222759755
