model,MFE,MAE,MAPE,MPE,MSE,SSE,SMSE,RMSE,NMSE,TRAINING_TIME,Score
MLP-MLP-,-4.722493092667701e-05,0.01302049679550492,127.99844605701689,-100.36049236859976,0.0003746218727632063,103.87217230810529,0.00037400549567421945,0.01935515106536775,1.0140364110398519,3.8258378505706787,0.19613745481796147
MLP-RFR-,0.0006454780743278585,0.01271190149211693,164.36432237880584,-101.91664995176623,0.00037921468772345414,0.19984614043026033,0.00037921468772345414,0.019473435437114175,1.0264683642637993,46.56968641281128,0.2363566681827792
MLP-SVR-,0.003955559483258643,0.013729420811165521,212.86458573203757,-86.98228451616411,0.0003833234883652634,0.2020114783684938,0.0003833234883652634,0.019578648788035998,1.0375901747063307,2.5127828121185303,0.22241445420145084
RFR-MLP-,-0.0013989185016310597,0.00675630306694608,145.53920091130522,-90.25208039962553,8.352811230155529e-05,29.861531349868056,8.463289276000198e-05,0.009139371548501314,1.0155745496113124,4.050334215164185,0.08581765614943185
RFR-RFR-,-0.0005247902912483578,0.006885775340959007,153.0109069823606,-97.70637653252022,8.557402951029229e-05,0.050830973529113616,8.557402951029229e-05,0.009250623195779422,1.0404497849129775,85.87786173820496,0.17950419224028874
RFR-SVR-,-0.0140858628499132,0.014618875616897821,995.2319290023709,23.8458458472947,0.00028065868221030917,0.16671125723292365,0.00028065868221030917,0.016752870864729697,3.4123818547606746,1.9571659564971924,0.3871118157367505
SVR-MLP-,-0.004290605694597542,0.024842539963640723,305.13598332479654,-49.37887269816549,0.001036109509794913,605.2142160610593,0.0017152847670335776,0.03218865498580071,0.8041335541232566,5.142516374588013,0.5411447985537561
SVR-RFR-,-0.0008992208210245324,0.02578817056996072,187.85006667259222,-46.18148132181398,0.0010996101990169815,0.653168458216087,0.0010996101990169815,0.03316037091193314,0.8534169883844919,45.327184200286865,0.4702629098891669
SVR-SVR-,0.007419962511139812,0.030200171110453082,147.8274239743274,-90.71376572686202,0.0014153168311702013,0.8406981977150996,0.0014153168311702013,0.03762069684588792,1.0984396368339817,5.37872314453125,0.5082901696756176
