model,MFE,MAE,MAPE,MPE,MSE,SSE,SMSE,RMSE,NMSE,TRAINING_TIME,Score
MLP-MLP-,0.0008201220389561947,0.0135251952458757,269.34901809353676,-103.40870171659095,0.00037715553739352535,113.83976469714206,0.00040989513049462625,0.01942049271757865,1.0592727458382796,3.378716468811035,0.35894943890121433
MLP-RFR-,-0.0005372370481373925,0.012481342795573476,203.32900732783915,-56.441160746145414,0.0003394855347817524,0.17890887682998352,0.0003394855347817524,0.018425133236472196,0.9534734053909107,30.594600915908813,0.3709788049341979
MLP-SVR-,-0.0011721175692614844,0.012877006898752595,165.24520781469613,-120.1005858050938,0.00035628019747721286,0.1877596640704912,0.00035628019747721286,0.01887538602193907,1.0006426146561211,2.20539927482605,0.2926032349069378
RFR-MLP-,-0.0004568754263432211,0.006764912440734368,108.70353457892605,-100.16004497423052,8.060380511408357e-05,28.452801695100845,8.06403022795317e-05,0.008977962191615844,1.0054057581270603,3.117992639541626,0.18648837552422695
RFR-RFR-,-0.0007333916371324541,0.00674612424397028,147.63077734486637,-111.87664396369867,8.10691005937479e-05,0.048155045752686254,8.10691005937479e-05,0.009003838103483864,1.0112095877827805,62.648677825927734,0.27443017951189475
RFR-SVR-,-0.017285413229743248,0.017545028168535204,1121.1434979768817,-249.1781748856146,0.0003789559337203177,0.22509982462986872,0.0003789559337203177,0.01946679053465973,4.726879547430357,1.3683347702026367,0.3536700037850021
SVR-MLP-,-0.00284466241281391,0.02145201099904719,495.92091299196215,-93.42679177995637,0.0007737737413922102,530.0874320719099,0.0015023620947746542,0.027816788840414528,0.7313480536938243,4.3109540939331055,0.6328409143463676
SVR-RFR-,-0.00010217493278147697,0.022523978551904033,204.64956198009574,-118.07560517531613,0.0008487015524839772,0.5041287221754824,0.0008487015524839772,0.02913248277239647,0.8021676045238985,36.717273473739624,0.5341398189540028
SVR-SVR-,-0.0033417062958396855,0.025376855590531704,100.8817109432633,-100.8817109432633,0.0010691772568015303,0.6350912905401089,0.0010691772568015303,0.03269827605243938,1.0105547190172113,1.188725233078003,0.530585569998884
