model,MFE,MAE,MAPE,MPE,MSE,SSE,SMSE,RMSE,NMSE,TRAINING_TIME,Score
MLP-MLP-,-0.0011320348772966547,0.012481939567940779,123.09787009531861,-94.72857369051738,0.0003560951411412253,99.31397540479132,0.00035759310480645276,0.01887048333088544,1.0084966402007054,2.8767683506011963,0.23280255252307042
MLP-RFR-,-0.0002231852067830368,0.01252018138629839,164.1327740636702,-114.52790967305886,0.000359882009443171,0.18965781897655112,0.000359882009443171,0.018970556382013972,1.019221425568895,36.7884635925293,0.28216923186493403
MLP-SVR-,-0.0022725148585772148,0.012573835749617747,124.54544430080662,-87.01209285320135,0.00035811908565213757,0.1887287581386765,0.00035811908565213757,0.01892403460291007,1.0142286511252752,1.3032987117767334,0.2128888856987315
RFR-MLP-,-0.0005803964038981533,0.006628605359153527,115.55579767078174,-96.73152275127872,7.989870229303398e-05,28.162857260085673,7.981854816426235e-05,0.008938607402332535,1.0068780521369207,3.271253824234009,0.12366539420223306
RFR-RFR-,-0.0005277185790200524,0.006820352697073761,170.9013430821905,-104.56116462512273,8.521828646519095e-05,0.050619662160323424,8.521828646519095e-05,0.009231375112364947,1.0739150927360994,55.77517056465149,0.22187410136862215
RFR-SVR-,-0.016013054061106494,0.016360354369465726,1344.580182925291,103.32510802163308,0.00033577080921267505,0.19944786067232897,0.00033577080921267505,0.018324050022106877,4.231361068976607,1.1613926887512207,0.4141105025040063
SVR-MLP-,-0.004794631085623552,0.02469212760227512,386.5024024752461,-138.3023284615311,0.0010243789504860107,681.1057876329188,0.0019303749833716481,0.03200592055364149,0.7684417898362567,6.949543237686157,0.5447543412639223
SVR-RFR-,-0.00030919894204081884,0.025330117063449974,179.38803419232792,-31.993385326081903,0.0010883239063848927,0.6464644003926262,0.0010883239063848927,0.032989754566908995,0.8164103432105955,34.74146127700806,0.5171865597389237
SVR-SVR-,0.0008376788044432747,0.028466720082563884,188.40472845696283,-65.89682685158773,0.001296797726038318,0.7702978492667608,0.001296797726038318,0.03601107782389078,0.9727977768185128,1.6977028846740723,0.5086449585213668
