model,MFE,MAE,MAPE,MPE,MSE,SSE,SMSE,RMSE,NMSE,TRAINING_TIME,Score
MLP-MLP-,0.0004997072112533304,0.01235462000679571,275.69192293331747,-96.44959151737808,0.0003501095692020111,114.48558836799027,0.00041222050404527533,0.018711215064821714,0.9824976138925661,5.354335308074951,0.32271054572486985
MLP-RFR-,8.38428350999344e-05,0.012139853130795242,212.35226159726236,-124.13939157071067,0.0003429931979474826,0.18075741531832334,0.0003429931979474826,0.018520075538384896,0.9625272434937107,27.993112325668335,0.32488440368042926
MLP-SVR-,-0.005864024675170408,0.013300264163500334,162.167831920316,-102.61287016552455,0.0003906015876271699,0.20584703667951854,0.0003906015876271699,0.019763643075788682,1.0961286453867598,2.0935652256011963,0.27873905571681995
RFR-MLP-,-0.0005151668475548126,0.005900148603571451,130.61756970038184,-81.96999619028108,6.712633708237684e-05,23.68221712489847,6.711961683302858e-05,0.008193066402902936,1.0041524902456715,3.1063716411590576,0.14813828539197454
RFR-RFR-,-0.0004910841042456219,0.005924572535378282,227.93666335279053,-30.90254364784618,6.739599027932348e-05,0.04003321822591815,6.739599027932348e-05,0.00820950609228859,1.0081862710385128,58.63060426712036,0.24490708346295814
RFR-SVR-,-0.020275661841671767,0.020432645589279118,3554.4265489931367,1353.7201450139398,0.0004779512114249208,0.28390301958640296,0.0004779512114249208,0.021862095311861597,7.149740623852255,1.363126277923584,0.5225579873874087
SVR-MLP-,-0.00012182522427943524,0.01736467880554572,3316.7928066493473,-880.6938459147116,0.0005356201920680416,469.6980303502186,0.001331207785912488,0.023143469749975727,0.6067617074110292,4.081317663192749,0.5934138386314914
SVR-RFR-,-0.0004924537558899557,0.016800053721394863,2000.0092619352365,-1818.933402361661,0.0005317359686790207,0.31585116539533825,0.0005317359686790207,0.023059400874242606,0.6023615782702876,29.27359414100647,0.40105924926449943
SVR-SVR-,0.0049493801873474715,0.024299460663743912,101.65311468613267,-97.47980739326869,0.0009093033158620185,0.540126169622039,0.0009093033158620185,0.030154656619865838,1.0300777316790561,2.088669538497925,0.5287889699896937
