model,MFE,MAE,MAPE,MPE,MSE,SSE,SMSE,RMSE,NMSE,TRAINING_TIME,Score
MLP-MLP-,0.0002666348017490421,0.012519179067271397,339.86795506412886,-111.61176153534997,0.00035587322725861274,109.23015659275663,0.0003932976267971894,0.018864602494052526,0.9770820071412603,2.4885387420654297,0.25081576576971487
MLP-RFR-,-0.0006870245292106312,0.0128183421471635,235.31576987661768,-35.63860901741524,0.0003793809503178044,0.1999337608174829,0.0003793809503178044,0.019477703928281805,1.0416245786826264,30.389224529266357,0.281068392270169
MLP-SVR-,0.001169515451477822,0.012581892968125277,129.38806543050282,-97.88793646744233,0.0003652876227903171,0.1925065772104971,0.0003652876227903171,0.019112499124664915,1.0029300782451165,1.868377923965454,0.22787830629149716
RFR-MLP-,-0.0007449324689013542,0.007001843599044161,225.7815673654104,-57.45300194220572,8.5871622560812e-05,30.48103403537656,8.638867359163055e-05,0.009266694262832458,1.020705662426091,4.90840482711792,0.119102510104712
RFR-RFR-,-0.0006334610570217092,0.006983539361198941,150.566259425436,-79.13380244870973,8.578873694364367e-05,0.05095850974452434,8.578873694364367e-05,0.009262220950919043,1.0197204496601684,59.96531319618225,0.20261976510012997
RFR-SVR-,-0.01522461183599864,0.01564604431803123,2127.342876135133,1297.3583409728108,0.00031591846773260904,0.18765556983316978,0.00031591846773260904,0.017774095412498747,3.755137719114262,1.235316276550293,0.4187159535522623
SVR-MLP-,-5.283091956898836e-06,0.022321394660470652,433.4333817930874,-110.90332694818275,0.0008378524708296403,565.8296550581284,0.0016036619139150438,0.028945681384787616,0.7551709172535006,4.17111873626709,0.5501781565391916
SVR-RFR-,9.160028561648216e-05,0.02288846513786331,203.577939142754,-45.726210104153644,0.0008898603279615626,0.5285770348091682,0.0008898603279615626,0.029830526779820073,0.802046498029449,32.27072095870972,0.45819966483123864
SVR-SVR-,-0.002272145963918138,0.025902181243291935,100.0052265246303,-100.0052265246303,0.0011146498530080296,0.6621020126867696,0.0011146498530080296,0.03338637226486324,1.004653183249615,1.1816930770874023,0.45603776316319566
