model,MFE,MAE,MAPE,MPE,MSE,SSE,SMSE,RMSE,NMSE,TRAINING_TIME,Score
MLP-MLP-,0.0027217172853055247,0.07505593730914886,168.5286851635574,-90.45303394234602,0.01608577949568813,4548.201330651636,0.01637640048627128,0.12682972638813084,1.003773192350968,2.578028678894043,0.46447427936680824
MLP-RFR-,-0.003527182258312229,0.07036443274411786,149.98736159583723,-76.33593323164307,0.016194512579443855,8.534508129366912,0.016194512579443855,0.1272576621639886,1.010558275698959,41.55877709388733,0.4215681965828737
MLP-SVR-,0.004288421558149942,0.07464707022121156,124.29615575072799,-87.31521363624267,0.016162245291124075,8.517503268422388,0.016162245291124075,0.12713081959589528,1.0085447556818572,184.05276226997375,0.455015269999656
RFR-MLP-,-0.003893618782857018,0.026295388015177414,182.93779380543037,-103.01348630080808,0.0025904494751541815,916.781050653841,0.0025983206097275817,0.050896458375354385,1.0154919693997884,2.2157790660858154,0.029024136909886162
RFR-RFR-,0.00019821364150119524,0.028526661013496983,275.646282099455,-71.3158596789685,0.002713819233758064,1.61200862485229,0.002713819233758064,0.05209433014981634,1.06385461855803,55.665438413619995,0.1545143173689216
RFR-SVR-,0.034336911092963864,0.05113795555364238,944.26636209674,-84.12617901797054,0.003737597028128464,2.2201326347083077,0.003737597028128464,0.061135889853084366,1.4651896527304649,36.56782865524292,0.42922358612378914
SVR-MLP-,-0.0037997120561573464,0.08362547686304869,183.89657193106964,-89.2913193900409,0.01922161589177485,6824.2702319962245,0.01934119600039742,0.1386420422951669,1.0399380120563915,3.455174446105957,0.5585135573120075
SVR-RFR-,0.002585418361694433,0.0732829764388546,243.43368354332262,-66.02047912913089,0.018236812410656205,10.832666571929785,0.018236812410656205,0.13504374258238033,0.9866576541412707,49.76956057548523,0.5122805751833334
SVR-SVR-,0.0022466234246342294,0.08133156881655362,102.22951355905172,-102.22951355905172,0.018538665603837205,11.0119673686793,0.018538665603837205,0.1361567684833817,1.002988674978278,365.56964683532715,0.5059975451131928
