model,MFE,MAE,MAPE,MPE,MSE,SSE,SMSE,RMSE,NMSE,TRAINING_TIME,Score
MLP-MLP-,-0.00021426074771466113,0.014251213195866726,1082.2517475213256,-82.29926583469943,0.0004324928718246109,181.4455747719935,0.0006533187919590446,0.020796462964278586,0.9666114419065055,3.3450875282287598,0.41603812509554494
MLP-RFR-,-1.5417458461580072e-05,0.013974461534170743,243.27641034647232,-154.95267656459512,0.0004052892042418397,0.21358741063544953,0.0004052892042418397,0.02013179585237839,0.9058118818203654,28.622063159942627,0.35581150237832604
MLP-SVR-,-0.0025722667695486615,0.014396425062156682,197.9521629002984,-127.57514668240633,0.0004382311139164351,0.23094779703396132,0.0004382311139164351,0.020933970333322706,0.9794362786234355,1.5379014015197754,0.3029355980807801
RFR-MLP-,-0.0004930204661813518,0.006654484980756696,105.95466523818367,-103.54381680374338,8.14822436791796e-05,28.647917106035266,8.11932940687324e-05,0.009026751557408655,1.0082112159254952,2.904169797897339,0.18824685361860088
RFR-RFR-,-0.0005979490042307048,0.006619544860352478,264.410715404509,-221.0356374564028,8.129385040569787e-05,0.04828854714098454,8.129385040569787e-05,0.009016310243425404,1.0058801533190576,55.567105293273926,0.2765238228635089
RFR-SVR-,-0.015025172014829042,0.01543294447357777,1851.966858122449,-932.6610157245846,0.0003065744185777891,0.18210520463520674,0.0003065744185777891,0.017509266648771706,3.7933634785874695,1.1015253067016602,0.3057172134374221
SVR-MLP-,-0.003920310861714455,0.02392170207965899,532.6793132575316,53.03574825624743,0.0009674714425181155,616.107382186339,0.001746157937926796,0.031104202971915476,0.7747829590488695,3.294102907180786,0.6346808417301102
SVR-RFR-,-0.0003981216564364436,0.024243542193956507,304.3008375006808,43.636897824438634,0.0009879605748335932,0.5868485814511544,0.0009879605748335932,0.03143184014393038,0.7911913302586816,37.0014865398407,0.5634783020297665
SVR-SVR-,0.0014458615230123584,0.02803296343029241,213.15169782641536,-7.951106887032419,0.0012655818232081594,0.7517556029856467,0.0012655818232081594,0.03557501684058856,1.0135195591422541,1.9992263317108154,0.5807595995369182
