model,MFE,MAE,MAPE,MPE,MSE,SSE,SMSE,RMSE,NMSE,TRAINING_TIME,Score
MLP-MLP-,-0.0026594882048744366,0.05143215711645989,205.14663104883937,-113.97282409665111,0.0044260981594432276,1235.555891048826,0.004448782413967666,0.06652892723803103,1.0199613643063894,2.7348594665527344,0.6431199469083256
MLP-RFR-,-0.00197556952618787,0.04845456812764722,169.1807766742572,-107.63903912462128,0.004324962439920409,2.2792552058380555,0.004324962439920409,0.06576444662521239,0.9966553907945913,44.76085162162781,0.5496989098442603
MLP-SVR-,0.006295877021840324,0.05251233927267466,123.54796271519515,-109.90782761915823,0.00439452572956811,2.3159150594823936,0.00439452572956811,0.06629121909852095,1.012685732928629,83.86043930053711,0.6157230229861621
RFR-MLP-,-0.0018999270995893982,0.01359394199280259,136.3037782028661,-87.40582750952268,0.0003889721289828876,136.70488672320738,0.0003874459712818629,0.01972237635232853,1.0235341150920856,3.003864288330078,0.16921322648461648
RFR-RFR-,0.00038213744661236916,0.013610528584681397,130.0698273245198,-112.34191940055432,0.0004042381122315838,0.24011743866556076,0.0004042381122315838,0.020105673632872485,1.0637047429885442,64.6475203037262,0.18525949947585457
RFR-SVR-,-0.008289976801787505,0.015396587976335191,275.50065313482077,-59.52750220592707,0.0004496418385758821,0.26708725211407397,0.0004496418385758821,0.021204759809436233,1.1831792744600242,7.561030149459839,0.32785311659079863
SVR-MLP-,-0.0010666061867033725,0.04462338024399093,155.26872532656574,-86.47716044326262,0.0036070519438009584,1277.516823938091,0.003620709972729798,0.060058737447610054,1.014404399350162,2.652661085128784,0.5997630956677183
SVR-RFR-,-0.003080495005547405,0.038576031865474286,145.27210191802848,-83.67474352156543,0.0030747668259753468,1.826411494629356,0.0030747668259753468,0.05545058003281252,0.8647108619008672,39.0528666973114,0.41624863005001445
SVR-SVR-,-0.010495363358320622,0.04523613101520351,215.57132560229664,-73.14571733936094,0.0036986305510064306,2.19698654729782,0.0036986305510064306,0.060816367459808306,1.040158877933495,129.03506350517273,0.6234015907946542
