model,MFE,MAE,MAPE,MPE,MSE,SSE,SMSE,RMSE,NMSE,TRAINING_TIME,Score
MLP-MLP-,0.0006982417925570562,0.014095577629062044,294.8743125600301,-103.81445994217596,0.00039914092686021394,131.8285751316332,0.0004746662218624385,0.019978511627751803,1.023636496416528,3.3166985511779785,0.36685953700738944
MLP-RFR-,-0.0008008534784765969,0.013840913165070799,194.71381366935026,-117.08343660032862,0.0003965448151324468,0.20897911757479948,0.0003965448151324468,0.01991343303231381,1.0169785103908353,28.173500537872314,0.30665024404127955
MLP-SVR-,-0.004052899629844097,0.014240100428292716,230.15650210732383,-41.06261643590729,0.00040451567784535606,0.21317976222450263,0.00040451567784535606,0.02011257511720854,1.037420578421902,1.3095982074737549,0.3328691749356638
RFR-MLP-,-0.001117574809497777,0.006468233967281115,144.70349344470682,-98.35680048614552,7.657987831478009e-05,27.687355403802172,7.847089130304779e-05,0.008750992990214316,1.0133150799703063,3.7017359733581543,0.13296127031148822
RFR-RFR-,-0.0005251444725540163,0.0065294529658405315,148.4051739386294,-114.89681028207765,7.71398871052419e-05,0.04582109294051369,7.71398871052419e-05,0.008782931578080402,1.0207251903645582,61.10540819168091,0.21441506463232662
RFR-SVR-,0.004701249347990275,0.007930545705844259,357.14260687862037,-108.7943832823936,9.767535509051098e-05,0.058019160923763524,9.767535509051098e-05,0.009883084290367607,1.292453219210282,1.2243309020996094,0.31873505766881716
SVR-MLP-,-8.84182862130738e-05,0.021450071833680442,374.96141117465675,-99.63109973979871,0.000776957974613961,538.3250202024361,0.0015257088851546785,0.027873965893176398,0.7065763625352894,5.047023057937622,0.5959844638887403
SVR-RFR-,-0.0004694865254765949,0.021868839459178988,279.5222486834858,-30.32411096865941,0.000817998561142671,0.48589114531874655,0.000817998561142671,0.028600674137905752,0.7438992413694744,30.72303318977356,0.5463787583316353
SVR-SVR-,-7.93442662929455e-05,0.02583669170327078,100.43217418363568,-100.43217418363568,0.0010992428358946888,0.6529502445214451,0.0010992428358946888,0.033154831260235496,0.9996666871401321,1.6836683750152588,0.4860483075972254
