model,MFE,MAE,MAPE,MPE,MSE,SSE,SMSE,RMSE,NMSE,TRAINING_TIME,Score
MLP-MLP-,-0.0004474672950971634,0.03689284295199627,316.7320604877,-27.439910788693084,0.0028353958155955886,784.5331073463751,0.002824815224000285,0.05324843486522011,1.0376603980731784,3.461871385574341,0.6414482444036006
MLP-RFR-,0.0013847311318672326,0.03450020690604713,265.75455009692,22.845063243269816,0.0026176639210940687,1.3795088864165743,0.0026176639210940687,0.05116311094034518,0.9579777791319438,39.56566143035889,0.5993473795612366
MLP-SVR-,0.013393703981519808,0.04032821171327622,390.754961337006,-321.18872405020363,0.0029211684101104387,1.5394557521282013,0.0029211684101104387,0.05404783446272791,1.0690503098726192,36.82512307167053,0.6217622265747091
RFR-MLP-,-0.0013426003675993494,0.01041781234237141,142.04783225396736,-98.16403408569046,0.0002766376330628706,97.29325699645624,0.00027574640058400005,0.01663242715489446,1.014540348123874,2.211393356323242,0.1451760707854574
RFR-RFR-,0.00020087824370182598,0.01059734074833648,212.77730879220238,-156.2213574988553,0.0002921576001409124,0.17354161448370198,0.0002921576001409124,0.017092618293898465,1.0714582469212843,56.70992588996887,0.23980243927125705
RFR-SVR-,-0.016616890037056756,0.01889160728409807,1123.7513272859157,-62.87221482385576,0.0005486153005991323,0.3258774885558846,0.0005486153005991323,0.023422538303931373,2.0119907472221334,1.736011266708374,0.3458640010154898
SVR-MLP-,-0.002383367357720143,0.03418808413103134,393.87729323085784,-215.82509846223078,0.0024605509322547575,926.4616307831687,0.002625757096166969,0.04960394069279937,1.015820299195489,3.2210898399353027,0.568691787748086
SVR-RFR-,-0.00248475441298929,0.029225297060657653,531.6651581138475,-380.90586753614815,0.002099574700974109,1.2471473723786208,0.002099574700974109,0.04582111632178017,0.8667939252825743,41.909369707107544,0.43873846264249494
SVR-SVR-,-0.004811112921202803,0.03562578494751928,391.839524629419,-234.64624232749546,0.002456625263348738,1.4592354064291502,0.002456625263348738,0.049564354765786446,1.0141996157500133,52.407320976257324,0.5433613060998947
