model,MFE,MAE,MAPE,MPE,MSE,SSE,SMSE,RMSE,NMSE,TRAINING_TIME,Score
MLP-MLP-,-0.0008249741050851322,0.012189328731885385,298.3395987713524,-105.66608409632818,0.0003116630358509059,110.84281637911509,0.0003991042216661389,0.017653980736675394,1.0194283459427238,6.151244640350342,0.28269338283139983
MLP-RFR-,-0.00037368850388967435,0.011911219249478085,194.86254026347532,-109.51454308924582,0.0002864875717826174,0.15097895032943937,0.0002864875717826174,0.01692594374865453,0.9370811352014625,30.183419227600098,0.22518715233168635
MLP-SVR-,0.002938387733492804,0.012873804852338218,208.6058245668578,-129.43224518938842,0.0003094111915237049,0.16305969793299246,0.0003094111915237049,0.017590087877088757,1.01206271808913,1.2955429553985596,0.2199700435915831
RFR-MLP-,-0.0004992168493158475,0.006251154713080971,138.2822004038771,-107.89768312678976,7.138604843194259e-05,25.6434741941642,7.267816831095523e-05,0.008449026478354923,0.9949609252014767,3.1530396938323975,0.08730173624640161
RFR-RFR-,-0.0004583167129426092,0.006352159685074298,147.49907165164873,-103.7886154577243,7.298364695669526e-05,0.043352286292276984,7.298364695669526e-05,0.00854304670224243,1.0172278546814557,59.68627142906189,0.19232424187917063
RFR-SVR-,0.003717204954334595,0.00719145428650201,371.1919162312231,4.431247959833049,8.55652025766127e-05,0.05082573033050794,8.55652025766127e-05,0.009250146084068765,1.1925864365758065,1.1962683200836182,0.3409365235694645
SVR-MLP-,0.0007561757589381128,0.023257127669752964,243.63716623192593,-88.29489152663457,0.0008782431844325248,476.1453777408843,0.0013494807155190636,0.02963516803449113,0.8311412470042945,3.235079050064087,0.5243361269968403
SVR-RFR-,-0.0001854430600343188,0.023041799470980815,173.90091809307356,-82.76425555808201,0.0008729320728585705,0.5185216512779909,0.0008729320728585705,0.029545423890317946,0.8261149809599896,34.049960136413574,0.4085381910191598
SVR-SVR-,0.013628883951284556,0.028383664256241593,100.00326346100807,-100.00326346100807,0.0012424178769908664,0.7379962189325746,0.0012424178769908664,0.03524794855010525,1.1757845228822872,1.1660950183868408,0.6091602129340827
