model,MFE,MAE,MAPE,MPE,MSE,SSE,SMSE,RMSE,NMSE,TRAINING_TIME,Score
MLP-MLP-,-0.00046817819645681656,0.013978383683823864,317.83399100907053,-97.72332378003075,0.0004173228866198983,178.66747238605046,0.0006433158668560016,0.020428482239752868,0.8721642246691512,3.3045523166656494,0.29666161449191925
MLP-RFR-,-0.00023613950923458466,0.01460142529394694,209.24698957920322,-142.04700036530667,0.0004477261418696195,0.23595167676528947,0.0004477261418696195,0.021159540209315028,0.9357040696967329,29.27617383003235,0.29314125525774326
MLP-SVR-,0.00218069190827986,0.014890690525473201,170.34227448830464,-90.87786829939513,0.00045207159072842425,0.23824172831387957,0.00045207159072842425,0.021261975231112097,0.9447856349697893,1.995466709136963,0.26947833362828305
RFR-MLP-,-0.0008002331705553787,0.006762063116878223,116.2107156789323,-87.84366424857527,8.205410050176949e-05,28.958495956156344,8.207352978765304e-05,0.009058371846075292,1.007642554775731,3.3294498920440674,0.11087668322231899
RFR-RFR-,-0.0007914020418226572,0.006807606871002338,152.6836032936066,-65.70002682461683,8.329865979061219e-05,0.04947940391562364,8.329865979061219e-05,0.009126809946011376,1.0229260189013571,61.38007712364197,0.2105499215027688
RFR-SVR-,-0.017261991515938137,0.01754312687080756,1441.737910345835,401.33653582301395,0.0003794081049587126,0.22536841434547528,0.0003794081049587126,0.019478400985674174,4.659215686301642,2.055084228515625,0.44472339860273713
SVR-MLP-,-0.004440836867464063,0.022767587734131105,479.4646921844475,-118.58450316902403,0.0008364660630999104,594.2549120690666,0.0016842241496589536,0.028921723031311783,0.724996140221015,5.7479588985443115,0.5380853257558376
SVR-RFR-,-0.0006628637756971474,0.02309389718680498,263.9762941221291,-51.64211251326382,0.000893693459883544,0.5308539151708251,0.000893693459883544,0.029894706218384953,0.7745972461275379,30.699899911880493,0.45818087554231707
SVR-SVR-,0.0012733799887610128,0.02637405381921019,105.7630081069938,-101.39439866254627,0.0011477960199751508,0.6817908358652396,0.0011477960199751508,0.03387913841843017,0.994837353184564,1.2850780487060547,0.4762982678218564
