model,MFE,MAE,MAPE,MPE,MSE,SSE,SMSE,RMSE,NMSE,TRAINING_TIME,Score
MLP-MLP-,-0.0003309666611982104,0.013235167223843405,438.95861428842966,-189.20421061958314,0.00038015282971915344,138.30681489772167,0.0004979919810236658,0.019497508295142574,0.966873218719657,4.1853187084198,0.2918191623528143
MLP-RFR-,0.00036804432134635126,0.013501304803162526,243.83638784662799,-182.0597757380453,0.00040310254399188297,0.21243504068372232,0.00040310254399188297,0.020077413777473508,1.0252430699291388,36.50171136856079,0.32533068693131767
MLP-SVR-,0.0015902068845403438,0.013901555632651023,298.2745079323009,-231.87344523937955,0.00039332390662491365,0.2072816987913295,0.00039332390662491365,0.019832395382931273,1.0003722762731273,2.285553216934204,0.25609188604126953
RFR-MLP-,-0.0011143936680032454,0.006623558996124518,247.95585794329708,-109.98235445615725,8.082916137537577e-05,29.061438775092558,8.236528805193506e-05,0.008990503955584235,1.0331650736307438,4.986745357513428,0.1646113288841729
RFR-RFR-,-0.0005020967755053899,0.006697121129366378,307.71939976632837,28.769008690642384,8.19903815791705e-05,0.048702286658027276,8.19903815791705e-05,0.009054854034117309,1.048007887003302,56.41508388519287,0.3061460150773503
RFR-SVR-,-0.014678784837524798,0.015077621780350684,1941.3547263110172,-287.5055285877876,0.000293701232458396,0.17445853208028722,0.000293701232458396,0.017137713746541456,3.7541136180928025,1.8511667251586914,0.3022327539800274
SVR-MLP-,-0.002286375016925909,0.023570005803994674,304.4848037837984,-54.82737312178927,0.0009779303465085045,600.5730303558399,0.001702130820992869,0.031271877885865836,0.7877469789027813,3.235429048538208,0.60302706572776
SVR-RFR-,-0.0007296806947643554,0.024316914769558454,209.3729693207158,5.050146020721978,0.0009940935640764057,0.590491577061385,0.0009940935640764057,0.03152924934210147,0.8007668487267635,31.76420521736145,0.5412713752402107
SVR-SVR-,0.001443326913643503,0.027701400582963588,135.41331965907634,-73.7321002760864,0.0012522840572063085,0.7438567299805472,0.0012522840572063085,0.03538762576390663,1.0087456497432747,2.537508010864258,0.5477461347615625
