model,MFE,MAE,MAPE,MPE,MSE,SSE,SMSE,RMSE,NMSE,TRAINING_TIME,Score
MLP-MLP-,0.00011703344793099866,0.011915107746373515,489.62503613269206,-192.1752702898661,0.0003332138600337381,97.17851130073502,0.00034990408383976836,0.018254146379213083,1.0484899140540205,2.4864871501922607,0.23504114934088238
MLP-RFR-,0.00011840983303966024,0.011401986578139818,697.511159421206,436.28337024915663,0.0003239361073415635,0.17071432856900398,0.0003239361073415635,0.01799822511642644,1.0192965602065915,30.79166865348816,0.2822418323400949
MLP-SVR-,-0.015578068265519896,0.01809815978232848,1515.4307125894904,463.4167325881883,0.0005597320569560475,0.29497879401583704,0.0005597320569560475,0.023658657124952114,1.761251516463646,2.1996049880981445,0.26931311831445953
RFR-MLP-,-0.0005760679658738826,0.005620417689443123,260.191403865081,-41.50253117983574,6.303455577544722e-05,22.24177309835375,6.303714218037205e-05,0.007939430444020982,1.0081729525854395,3.1998214721679688,0.10805786901656907
RFR-RFR-,-0.00043730924188054444,0.005707600727284965,238.31928917986417,-78.89108127587181,6.516709587025846e-05,0.03870925494693352,6.516709587025846e-05,0.00807261394284766,1.0422807402495848,60.707154273986816,0.20336542218467754
RFR-SVR-,-0.017794006240250366,0.017992258938250127,7438.844321496779,3217.653113417792,0.0003791502118133644,0.22521522581713846,0.0003791502118133644,0.019471779883034945,6.064118066905856,1.8053128719329834,0.4531610220948631
SVR-MLP-,-0.0014981967078827355,0.019470065138599654,991.2409407715892,-245.4211968050084,0.000645189480222602,626.0926211908992,0.0017744578818229976,0.02540058031271337,0.5985713700987102,6.121717929840088,0.4917516778021847
SVR-RFR-,-0.0005163321976972066,0.02097384456165849,472.164645282696,-101.32538321340023,0.0007629185745324854,0.4531736332722963,0.0007629185745324854,0.027620980694618456,0.7077939588756288,31.285730600357056,0.40652904568180065
SVR-SVR-,0.001670645083279113,0.02643332434032527,280.9749179982182,-186.12731200315292,0.001117587326312204,0.6638468718294492,0.001117587326312204,0.03343033542027666,1.0368361506527484,2.7530195713043213,0.47365047161532325
